PDB,LOOP,CAN_OLD,CAN_NEW,TYPE
1bm3,H1,,10A,FAB
2ajx,H1,,11C,FAB
1jfq,H1,,10A,FAB
2v7n,H1,,10A,FAB
1r0a,H1,,12A,FAB
1plg,H1,,10A,FAB
1u8o,H1,,12A,FAB
3gi8,H1,,10A,FAB
3eyo,H1,,10A,FAB
1nc2,H1,,10A,FAB
1ce1,H1,,10A,FAB
3eot,H1,,10A,FAB
1z3g,H1,,10A,FAB
2a6d,H1,,10A,FAB
1gig,H1,10A,10A,FAB
1a7n,H1,,10A,FV
1oaz,H1,,10A,FV
1fsk,H1,,10A,FAB
1u8j,H1,,12A,FAB
3gk8,H1,,10A,FAB
1a4j,H1,,10L,FAB
1p7k,H1,,10A,FAB
1jhk,H1,,7B,FAB
1e6o,H1,,10A,FAB
3gbm,H1,,10O,FAB
2dqf,H1,,10A,FV
1lk3,H1,,10A,FAB
2hkh,H1,,10F,FAB
1il1,H1,,10A,FAB
1it9,H1,,10A,FAB
1cfv,H1,,10A,FV
2fx9,H1,,10A,FAB
1dee,H1,,10A,FAB
1dbm,H1,,10A,FAB
1bey,H1,,10A,FAB
1t66,H1,,10A,FAB
1hi6,H1,,10A,FAB
2ih3,H1,,10N,FAB
1fns,H1,,10A,FAB
1mhp,H1,,10A,FAB
3duu,H1,,10A,FV
2fed,H1,,10A,FAB
2qqk,H1,,10A,FAB
3c5s,H1,,7A,FAB
3dv4,H1,,10A,FV
3dsf,H1,,10A,FAB
1aqk,H1,,10A,FAB
1rur,H1,,10A,FAB
2gcy,H1,,10A,FAB
1fl3,H1,,10A,FAB
1vfa,H1,10A,10A,FV
3hns,H1,,10A,FAB
2f5b,H1,,12A,FAB
1oau,H1,,10A,FV
2ny1,H1,,10A,FAB
1a7q,H1,,10A,FV
2bob,H1,,10N,FAB
1mvu,H1,,10A,FV
1ine,H1,,10A,FAB
1fvc,H1,10A,10A,FV
2c1o,H1,,10A,FAB
1ad0,H1,,10A,FAB
1mj8,H1,,10E,FAB
1mpa,H1,,10A,FAB
3ejy,H1,,10A,FAB
2osl,H1,,10A,FAB
1d6v,H1,,10A,FAB
1s78,H1,,10A,FAB
1e4w,H1,,10A,FAB
3fct,H1,,10A,FAB
2vxt,H1,,10A,FAB
2vxu,H1,,10A,FAB
1tjg,H1,,12A,FAB
1otu,H1,,10A,FAB
2ht4,H1,,10A,FAB
1jrh,H1,,12A,FAB
3cxd,H1,,10A,FAB
2ntf,H1,,10A,FAB
1ztx,H1,,10A,FAB
1a3l,H1,,10A,FAB
1m7i,H1,,10A,FAB
1qfu,H1,,10A,FAB
2orb,H1,,10A,FAB
2aj3,H1,,10A,FAB
2iqa,H1,,12A,FAB
1cfn,H1,,10A,FAB
2gsg,H1,,10A,FV
2g5b,H1,,10A,FAB
1jnn,H1,,10A,FAB
1kfa,H1,,10A,FAB
3cfd,H1,,11A,FAB
2j88,H1,,12A,FAB
2itd,H1,,10N,FAB
1s5i,H1,,11A,FAB
1bvl,H1,,10A,FV
1cgs,H1,10A,10A,FAB
1a2y,H1,,10A,FV
2zcl,H1,,10A,FAB
2b2x,H1,,10A,FAB
1ruq,H1,,10A,FAB
1lo2,H1,,10A,FAB
3hc4,H1,,10A,FAB
2dwd,H1,,10N,FAB
1kcv,H1,,11A,FAB
3ffd,H1,,10A,FAB
1q0y,H1,,10A,FAB
1a4k,H1,,10L,FAB
2nxy,H1,,10A,FAB
1nmb,H1,,10A,FAB
1zlu,H1,,10A,FAB
2dbl,H1,,10A,FAB
1d5i,H1,,10A,FAB
3hnt,H1,,10A,FAB
6fab,H1,10A,10A,FAB
2nyy,H1,,10A,FAB
1q9r,H1,,10A,FAB
1u6a,H1,,10A,FAB
2bdn,H1,,10A,FAB
1a7o,H1,,10A,FV
2ig2,H1,,10A,FAB
2fb4,H1,10A,10A,FAB
2hmi,H1,,12A,FAB
1vfb,H1,,10A,FV
1p4b,H1,,10A,FV
1ad9,H1,,10A,FAB
1ikf,H1,10A,10A,FAB
3hi5,H1,,10A,FAB
1oak,H1,,10A,FAB
1jps,H1,,10A,FAB
1yed,H1,,10A,FAB
1bgx,H1,,11A,FAB
3ijs,H1,,10A,FAB
2fee,H1,,10A,FAB
1cz8,H1,,10A,FAB
2ny7,H1,,10A,FAB
3cfb,H1,,10A,FAB
2dqg,H1,,10A,FV
3be1,H1,,10A,FAB
1ngq,H1,,10A,FAB
2h1p,H1,,10A,FAB
2rcs,H1,,10A,FAB
1a7r,H1,,10A,FV
3d85,H1,,10A,FAB
1ucb,H1,,10A,FAB
2fjh,H1,,10A,FAB
8fab,H1,10A,10A,FAB
1rih,H1,,10A,FAB
3cmo,H1,,10A,FAB
1ck0,H1,,10A,FAB
1ind,H1,10A,10A,FAB
1frg,H1,10A,10A,FAB
1q9o,H1,,10A,FAB
2or9,H1,,10A,FAB
2zuq,H1,,10A,FAB
2dqt,H1,,10A,FAB
1a7p,H1,,10A,FV
1uwe,H1,,10A,FAB
3gbn,H1,,10O,FAB
1rz8,H1,,10A,FAB
1zlv,H1,,10A,FAB
1wcb,H1,,10A,FAB
1cfq,H1,,10A,FAB
1keg,H1,,10A,FAB
3dus,H1,,10A,FV
2vxs,H1,,10A,FAB
2w65,H1,,10A,FAB
1hys,H1,,12A,FAB
1n8z,H1,,10A,FAB
2zch,H1,,10A,FAB
1f3d,H1,,10A,FAB
12e8,H1,,10A,FAB
3fmg,H1,,10A,FAB
1ifh,H1,,10A,FAB
1za3,H1,,10A,FAB
3eyf,H1,,10A,FAB
1a6w,H1,,10A,FV
1rzi,H1,,10T,FAB
1ymh,H1,,10A,FAB
2exw,H1,,10A,FAB
3eyu,H1,,12A,FAB
1ap2,H1,,10A,FV
1xf3,H1,,10A,FAB
2ajy,H1,,11C,FAB
1a6t,H1,,10A,FAB
3ijy,H1,,10A,FAB
1bbd,H1,10A,10A,FAB
43c9,H1,,10A,FV
1mhh,H1,,10A,FAB
1uwg,H1,,10A,FAB
1uz6,H1,,10A,FAB
3ijh,H1,,10A,FAB
2b0s,H1,,10A,FAB
3eoa,H1,,10A,FAB
1nca,H1,,10A,FAB
2oz4,H1,,10A,FAB
1yef,H1,,10A,FAB
3h0t,H1,,12E,FAB
2hvk,H1,,10N,FAB
1kip,H1,,10A,FV
2a1w,H1,,10A,FAB
1r3i,H1,,10N,FAB
1q9k,H1,,10A,FAB
1nma,H1,,10A,FAB
3det,H1,,10A,FAB
1u8h,H1,,12A,FAB
3b2v,H1,,12D,FAB
1mfd,H1,,10A,FAB
1a5f,H1,,10A,FAB
2z91,H1,,11A,FAB
1u8m,H1,,12A,FAB
2fd6,H1,,10A,FAB
1yqv,H1,,10A,FAB
1ott,H1,,10A,FAB
1k6q,H1,,10A,FAB
1d5b,H1,,10A,FAB
1dbb,H1,10A,10A,FAB
3g6d,H1,,10A,FAB
3bt2,H1,,10A,FAB
1rmf,H1,10A,10A,FAB
1fbi,H1,10A,10A,FAB
1ibg,H1,10A,10A,FAB
2jb5,H1,,10Y,FAB
1qyg,H1,,10A,FAB
1pg7,H1,,10A,FAB
1qbl,H1,,10A,FAB
1n6q,H1,,12A,FAB
3hc3,H1,,10A,FAB
3d9a,H1,,10A,FAB
1vge,H1,,10A,FAB
1baf,H1,11A,11A,FAB
1f58,H1,,11B,FAB
2nlj,H1,,10N,FAB
3gje,H1,,10A,FAB
1t03,H1,,12A,FAB
2aep,H1,,10A,FAB
1dl7,H1,,10A,FV
1dvf,H1,,10A,FV
1cr9,H1,,10A,FAB
2w9e,H1,,10Z,FAB
1ejo,H1,,10A,FAB
2c1p,H1,,10A,FAB
1kel,H1,,10A,FAB
3dv6,H1,,10A,FV
2nxz,H1,,10A,FAB
1yy8,H1,,10A,FAB
1t2q,H1,,10A,FAB
2nr6,H1,,10A,FAB
1lo4,H1,,10A,FAB
1t04,H1,,10A,FAB
1rjl,H1,,10A,FAB
2dtm,H1,,10A,FAB
2g60,H1,,10A,FAB
1uac,H1,,10A,FV
1for,H1,10A,10A,FAB
1n4x,H1,,10A,FV
1yy9,H1,,10A,FAB
2dqh,H1,,10A,FV
3clf,H1,,10A,FAB
2fx8,H1,,10A,FAB
2ny0,H1,,10A,FAB
1igf,H1,10A,10A,FAB
1v7n,H1,,10A,FAB
1kno,H1,,10A,FAB
1cic,H1,,10A,FAB
1fgn,H1,,10A,FAB
3dur,H1,,10A,FV
15c8,H1,,10A,FAB
2ajv,H1,,11C,FAB
2ddq,H1,,10A,FAB
3dvn,H1,,10A,FAB
1zea,H1,,10A,FAB
1ai1,H1,,12A,FAB
2h2s,H1,,10A,FAB
1hh6,H1,,10A,FAB
1xgy,H1,,10A,FAB
3cfc,H1,,10A,FAB
1nsn,H1,,11D,FAB
2r23,H1,,10A,FAB
3bn9,H1,,10A,FAB
3grw,H1,,10E,FAB
1fve,H1,,10A,FV
1eo8,H1,,10A,FAB
1qfw,H1,,10A,FV
2hlf,H1,,10A,FAB
1axs,H1,,10A,FAB
2r2e,H1,,10A,FAB
1dlf,H1,,10A,FV
2hkf,H1,,10X,FAB
1dsf,H1,,10A,FV
1dba,H1,,10A,FAB
1jnh,H1,,10A,FAB
1aif,H1,,10M,FAB
1gc1,H1,,10A,FAB
1ots,H1,,10A,FAB
2g75,H1,,10P,FAB
2arj,H1,,10A,FAB
1fh5,H1,,10A,FAB
3b2u,H1,,12D,FAB
2dwe,H1,,10N,FAB
1fdl,H1,,10A,FAB
1nfd,H1,,10A,FAB
1dn0,H1,,10A,FAB
3ck0,H1,,10A,FAB
1jhl,H1,10A,10A,FV
2v7h,H1,,10A,FAB
1mfe,H1,,10A,FAB
2dqu,H1,,10A,FAB
2j5l,H1,,10A,FAB
1ncw,H1,,11A,FAB
1zlw,H1,,10A,FAB
1yee,H1,,10A,FAB
2htl,H1,,10A,FAB
1u8p,H1,,12A,FAB
2vwe,H1,,10A,FAB
1cft,H1,,10A,FAB
1q9l,H1,,10A,FAB
2i60,H1,,10A,FAB
1q1j,H1,,10A,FAB
1dqq,H1,,10A,FAB
1k4c,H1,,10N,FAB
2h9g,H1,,10A,FAB
2qql,H1,,10A,FAB
1jpt,H1,,10A,FAB
2jel,H1,,10A,FAB
1acy,H1,12A,12A,FAB
1oaq,H1,,10A,FV
2fjg,H1,,10A,FAB
1tzg,H1,,10A,FAB
3bky,H1,,10A,FAB
1q9q,H1,,10A,FAB
1qbm,H1,,10A,FAB
3hi6,H1,,10A,FAB
1cbv,H1,,10G,FAB
2w60,H1,,10A,FAB
2w9d,H1,,10I,FAB
3bqu,H1,,10A,FAB
35c8,H1,,10A,FAB
1rzg,H1,,10C,FAB
3dvg,H1,,10A,FAB
1dfb,H1,10A,10A,FAB
1mf2,H1,,10A,FAB
1lo3,H1,,10A,FAB
1i8m,H1,,10A,FAB
1bbj,H1,10A,10A,FAB
1ay1,H1,,11A,FAB
1q9t,H1,,10A,FAB
1mqk,H1,,10A,FV
1ktr,H1,,10A,FV
1j1p,H1,,10A,FV
1uj3,H1,,10A,FAB
2bfv,H1,,10A,FV
2fx7,H1,,10A,FAB
2hjf,H1,,10N,FAB
1fn4,H1,,10A,FAB
2pw1,H1,,12A,FAB
2qhr,H1,,10A,FAB
2v17,H1,,10A,FAB
3eys,H1,,12A,FAB
2dqi,H1,,10A,FV
3cle,H1,,10A,FAB
1f8t,H1,,11A,FAB
1rzf,H1,,10V,FAB
1seq,H1,,10A,FAB
1rfd,H1,,10A,FAB
2ny6,H1,,10A,FAB
2ipu,H1,,12A,FAB
1j1x,H1,,10A,FV
1ob1,H1,,10A,FAB
1rhh,H1,,10P,FAB
2hvj,H1,,10N,FAB
2vxq,H1,,12C,FAB
2h8p,H1,,10N,FAB
2hg5,H1,,10N,FAB
1i9i,H1,,10A,FAB
1tet,H1,10A,10A,FAB
2ny4,H1,,10A,FAB
1t4k,H1,,10A,FAB
1cfs,H1,,10A,FAB
1g9n,H1,,10A,FAB
1q9w,H1,,10A,FAB
2eiz,H1,,10A,FV
1m71,H1,,10A,FAB
2cmr,H1,,10S,FAB
1qkz,H1,,10A,FAB
1r3k,H1,,10N,FAB
3bpc,H1,,10A,FAB
1i8i,H1,,10A,FV
2aju,H1,,11C,FAB
2gjz,H1,,10A,FAB
3giz,H1,,10A,FAB
1mcp,H1,10A,10A,FAB
1ezv,H1,,11A,FV
1m7d,H1,,10A,FAB
3cfe,H1,,11A,FAB
2q76,H1,,10A,FAB
3cfk,H1,,10A,FAB
2uud,H1,,10A,FV
1mfb,H1,,10A,FAB
2gsi,H1,,10A,FAB
1w72,H1,,10A,FAB
2dqc,H1,,10A,FV
1ggi,H1,12A,12A,FAB
2zkh,H1,,10A,FAB
2igf,H1,,10A,FAB
2ht3,H1,,10A,FAB
2mpa,H1,,10A,FAB
2qr0,H1,,10A,FAB
2fjf,H1,,10A,FAB
2qqn,H1,,10A,FAB
2eh7,H1,,10A,FAB
3bkj,H1,,12F,FAB
1sy6,H1,,10A,FAB
2ak1,H1,,11C,FAB
1osp,H1,,10A,FAB
1ken,H1,,11A,FAB
43ca,H1,,10A,FV
1tzi,H1,,10A,FAB
3hb3,H1,,10A,FV
1xct,H1,,10A,FAB
1i9r,H1,,10A,FAB
1mrf,H1,,10A,FAB
1ggc,H1,,12A,FAB
2fgw,H1,,10A,FAB
1c08,H1,,10A,FV
1ae6,H1,,10A,FAB
1igj,H1,,10J,FAB
1n5y,H1,,12A,FAB
1ocw,H1,,10R,FV
1j1o,H1,,10A,FV
1eap,H1,10A,10A,FAB
2eks,H1,,10A,FV
1op3,H1,,10A,FAB
1clo,H1,,10A,FAB
3ggw,H1,,10A,FAB
1mlc,H1,,10A,FAB
1ic4,H1,,10A,FV
2r0z,H1,,12A,FAB
1h3p,H1,,10A,FAB
2aab,H1,,10A,FAB
2op4,H1,,10A,FAB
1mre,H1,,10A,FAB
1jgl,H1,,8A,FAB
1hin,H1,,10A,FAB
1c5b,H1,,10A,FAB
1fe8,H1,,10A,FAB
1yeh,H1,,10A,FAB
2ny5,H1,,10A,FAB
1a3r,H1,,10A,FAB
1kiq,H1,,10A,FV
1u8n,H1,,12A,FAB
32c2,H1,,11A,FAB
1tqb,H1,,10A,FAB
3hae,H1,,10A,FAB
1e6j,H1,,10A,FAB
1ncc,H1,,10A,FAB
3ikc,H1,,10A,FAB
2z4q,H1,,10E,FAB
2r1y,H1,,10A,FAB
1wt5,H1,,10A,FV
3eo9,H1,,10A,FAB
1nbv,H1,10C,10C,FAB
3fn0,H1,,10A,FAB
2cgr,H1,10A,10A,FAB
1n64,H1,,10A,FAB
1ua6,H1,,10A,FV
2r29,H1,,10A,FAB
3ejz,H1,,10A,FAB
1ruk,H1,,11A,FAB
2r1w,H1,,10A,FAB
2cju,H1,,10A,FV
2o5x,H1,,10A,FAB
1him,H1,,10A,FAB
1tqc,H1,,10A,FAB
2ipt,H1,,12A,FAB
1ncb,H1,10A,10A,FAB
1xf4,H1,,10A,FAB
3b9k,H1,,10A,FAB
1kb5,H1,,10A,FAB
1flr,H1,,10A,FAB
1mju,H1,,10A,FAB
1u91,H1,,12A,FAB
1bfv,H1,,10A,FV
1r3j,H1,,10N,FAB
1u92,H1,,12A,FAB
2r8s,H1,,10A,FAB
1k4d,H1,,10N,FAB
1oay,H1,,10A,FV
1wc7,H1,,10A,FAB
1yym,H1,,10A,FAB
1ncd,H1,,10A,FAB
1uwx,H1,,10A,FAB
1mfa,H1,10A,10A,FV
2ap2,H1,,10A,FV
2r2h,H1,,10A,FAB
2ck0,H1,,10A,FAB
3bkm,H1,,12F,FAB
1tzh,H1,,10A,FAB
1orq,H1,,11A,FAB
2hfe,H1,,10N,FAB
1bln,H1,,10A,FAB
2i5y,H1,,10A,FAB
2b1a,H1,,10A,FAB
3c2a,H1,,10A,FAB
2b1h,H1,,10A,FAB
3i9g,H1,,10A,FAB
1pz5,H1,,10A,FAB
1s3k,H1,,10A,FAB
1u8k,H1,,12A,FAB
1rzk,H1,,10A,FAB
2dlf,H1,,10A,FV
1nld,H1,,10A,FAB
3c09,H1,,10A,FAB
1h0d,H1,,10A,FAB
2fr4,H1,,10A,FAB
2yss,H1,,10A,FV
1ynl,H1,,10A,FAB
1uz8,H1,,10A,FAB
1j5o,H1,,12A,FAB
1ic5,H1,,10A,FV
1a0q,H1,,10A,FAB
2pw2,H1,,12A,FAB
2brr,H1,,10A,FAB
1c1e,H1,,10A,FAB
1f11,H1,,10A,FAB
1hkl,H1,,10K,FAB
1gpo,H1,,10A,FAB
1c5c,H1,,10A,FAB
1ngz,H1,,10A,FAB
1jn6,H1,,10A,FAB
2mcp,H1,,10A,FAB
1ndm,H1,,10A,FAB
1ynt,H1,,10A,FAB
1b4j,H1,,10A,FAB
1y18,H1,,10A,FAB
2j4w,H1,,10A,FAB
1gaf,H1,,10W,FAB
2itc,H1,,10N,FAB
2d03,H1,,10A,FAB
3hfm,H1,10A,10K,FAB
1nc4,H1,,10A,FAB
1p4i,H1,,10A,FV
1rua,H1,,11A,FAB
3bsz,H1,,10A,FAB
1mjj,H1,,10A,FAB
2r0l,H1,,10A,FAB
1f4y,H1,,10A,FAB
1xcq,H1,,10A,FAB
1igi,H1,10B,10B,FAB
1yeg,H1,,10A,FAB
1bfo,H1,,10A,FAB
1i8k,H1,,10A,FV
3eo1,H1,,10E,FAB
3g04,H1,,10A,FAB
1v7m,H1,,10A,FAB
3bae,H1,,12F,FAB
2zck,H1,,10A,FAB
1opg,H1,,10A,FAB
2f5a,H1,,12A,FAB
1uyw,H1,,10A,FAB
2adi,H1,,10A,FAB
2ajs,H1,,11C,FAB
1hq4,H1,,11A,FAB
2boc,H1,,10N,FAB
1hil,H1,10A,10A,FAB
1zan,H1,,10A,FAB
2aeq,H1,,10A,FAB
3hc0,H1,,10A,FAB
1ngw,H1,,10A,FAB
3eyq,H1,,10A,FAB
1yyl,H1,,10A,FAB
3g6j,H1,,10A,FAB
1hh9,H1,,10A,FAB
1op5,H1,,10A,FAB
1bvk,H1,,10A,FV
1ynk,H1,,10A,FAB
1a6v,H1,,10A,FV
2i9l,H1,,10A,FAB
1dql,H1,,10A,FV
1fpt,H1,10A,10A,FAB
2dqj,H1,,10A,FV
2ny2,H1,,10A,FAB
1ahw,H1,,10A,FAB
1etz,H1,,12A,FAB
3c6s,H1,,10A,FAB
2iff,H1,,10A,FAB
1om3,H1,,10A,FAB
1l7i,H1,,10A,FAB
1cly,H1,,10A,FAB
1kem,H1,,10A,FAB
2iq9,H1,,12A,FAB
1c5d,H1,,10A,FAB
1riv,H1,,10A,FAB
1oar,H1,,10A,FV
1cl7,H1,,10A,FAB
1nd0,H1,,11A,FAB
2r9h,H1,,10A,FAB
1rul,H1,,11A,FAB
2atk,H1,,10N,FAB
1u8l,H1,,12A,FAB
2pcp,H1,,10A,FAB
1dqd,H1,,10A,FAB
1mim,H1,,10A,FAB
2ht2,H1,,10A,FAB
1u93,H1,,12A,FAB
1yuh,H1,,10A,FAB
1rum,H1,,11A,FAB
1igm,H1,10A,10A,FV
3hnv,H1,,10A,FAB
2vis,H1,,10A,FAB
1u8q,H1,,12A,FAB
1y0l,H1,,10A,FAB
3fzu,H1,,12B,FAB
2z92,H1,,11A,FAB
1fvd,H1,10A,10A,FV
1iqd,H1,,10A,FAB
1emt,H1,,10A,FAB
1zls,H1,,10A,FAB
1iai,H1,,10A,FAB
3bgf,H1,,10A,FAB
2vit,H1,,10A,FAB
2f19,H1,,10A,FAB
1xf2,H1,,10A,FAB
1rup,H1,,11A,FAB
1bql,H1,,10A,FAB
2uyl,H1,,10A,FAB
1ngy,H1,,10A,FAB
1f4x,H1,,10A,FAB
2fbj,H1,10A,10A,FAB
1ar1,H1,,10A,FV
1dbk,H1,,10A,FAB
1yjd,H1,,10A,FAB
1rzj,H1,,10A,FAB
2ny3,H1,,10A,FAB
2o5z,H1,,10A,FAB
1i3g,H1,,10A,FV
2adj,H1,,10A,FAB
1mrc,H1,,10A,FAB
2hrp,H1,,10A,FAB
1sbs,H1,,10A,FAB
1a6u,H1,,10A,FV
2bmk,H1,,10A,FAB
1rz7,H1,,10A,FAB
1r24,H1,,10A,FAB
1ct8,H1,,10A,FAB
1dqj,H1,,10A,FAB
2fat,H1,,10A,FAB
3h42,H1,,10A,FAB
3i2c,H1,,10A,FAB
4fab,H1,10A,10A,FAB
1f4w,H1,,10A,FAB
1clz,H1,,10A,FAB
2exy,H1,,10A,FAB
2dqd,H1,,10A,FV
1mfc,H1,,10A,FAB
1u95,H1,,12A,FAB
1ndg,H1,,10A,FAB
1iqw,H1,,10A,FAB
25c8,H1,,10A,FAB
1cu4,H1,,10A,FAB
2ih1,H1,,10N,FAB
3eo0,H1,,10H,FAB
2jix,H1,,10A,FAB
1fgv,H1,10A,10A,FV
2r56,H1,,10A,FAB
1tpx,H1,,10A,FAB
1riu,H1,,10A,FAB
1f90,H1,,11A,FAB
1e4x,H1,,10A,FAB
1bog,H1,,10A,FAB
1q72,H1,,10A,FAB
2eh8,H1,,10A,FAB
1dqm,H1,,10A,FAB
2r1x,H1,,10A,FAB
1g9m,H1,,10A,FAB
1u8i,H1,,12A,FAB
2hwz,H1,,12A,FAB
1adq,H1,,10A,FAB
1mh5,H1,,10A,FAB
2dd8,H1,,10P,FAB
3e8u,H1,,10A,FAB
1bz7,H1,,10A,FAB
1qle,H1,,10A,FV
1b2w,H1,,10S,FAB
1aj7,H1,,10Q,FAB
2agj,H1,,12A,FAB
2vir,H1,,10A,FAB
1mam,H1,10A,10A,FAB
3gi9,H1,,10A,FAB
2adf,H1,,10A,FAB
3cfj,H1,,10A,FAB
2zpk,H1,,10A,FAB
3f58,H1,,11B,FAB
1qlr,H1,,10T,FAB
1j05,H1,,10A,FV
1c12,H1,,11A,FAB
1igc,H1,10A,10A,FAB
1ors,H1,,11A,FAB
2o5y,H1,,10A,FAB
2r0w,H1,,12A,FAB
1fj1,H1,,10A,FAB
1jnl,H1,,10A,FAB
2gfb,H1,10A,10A,FAB
1mrd,H1,,10A,FAB
2hfg,H1,,10A,FAB
1mlb,H1,10A,10A,FAB
2f58,H1,,11B,FAB
1cf8,H1,,11A,FAB
2htk,H1,,10A,FAB
1ehl,H1,,10A,FAB
1l7t,H1,,10A,FAB
1r3l,H1,,10N,FAB
1yec,H1,,10A,FAB
1ngp,H1,,10A,FAB
1xf5,H1,,10A,FAB
2vxv,H1,,10A,FAB
1fig,H1,10D,10D,FAB
1ru9,H1,,11A,FAB
1oax,H1,,10A,FV
3d0v,H1,,12A,FAB
1xiw,H1,,10A,FV
1ic7,H1,,10A,FV
2gk0,H1,,10A,FAB
3bz4,H1,,10A,FAB
1dbj,H1,,10A,FAB
2d7t,H1,,10A,FV
3bkc,H1,,12F,FAB
1sm3,H1,,10A,FAB
1psk,H1,,10A,FAB
1ggb,H1,,12A,FAB
1a14,H1,,10A,FV
1mnu,H1,,10A,FAB
1wej,H1,,10A,FAB
1kir,H1,,10A,FV
3g6a,H1,,10A,FAB
2ajz,H1,,11C,FAB
1q9v,H1,,10A,FAB
1i9j,H1,,10A,FAB
1axt,H1,,10A,FAB
1q0x,H1,,10A,FAB
1t3f,H1,,10A,FAB
1fai,H1,10A,10A,FAB
1s5h,H1,,10N,FAB
2dqe,H1,,10A,FV
3bdy,H1,,10A,FAB
2adg,H1,,10A,FAB
1bj1,H1,,10A,FAB
1ngx,H1,,10U,FAB
2h2p,H1,,10A,FAB
2r2b,H1,,10A,FAB
1lo0,H1,,10A,FAB
