LOOP,LOOPDEF,PDB1,CMPX?,CLASS1,METHOD1,RESOL1,RFAC1,LOWBF1,HIGHBF1,PDB2,CMPX?,CLASS2,METHOD2,RESOL2,RFAC2,LOWBF2,HIGHBF2,CA-RMS
H1,H23-H35,1nca,Y,10A,crystal,2.50A,19.10%,10.41,31.55,1a4j,N,10L,crystal,2.10A,22.90%,21.81,71.93,2.03
H1,H23-H35,1ncc,Y,10A,crystal,2.50A,21.20%,11.28,29.21,1a4j,N,10L,crystal,2.10A,22.90%,21.81,71.93,2.14
H1,H23-H35,1ncb,Y,10A,crystal,2.50A,16.50%,10.92,34.37,1a4j,N,10L,crystal,2.10A,22.90%,21.81,71.93,2.05
H1,H23-H35,1gaf,N,10W,crystal,1.95A,24.40%,7.79,84.91,2rcs,N,10A,crystal,2.10A,21.00%,7.66,32.02,2.4
L1,L24-L34,1cly,N,16E,crystal,2.50A,23.80%,17.35,78.1,1ucb,N,16H,crystal,2.50A,20.00%,14.15,69.83,2.81
L2,L49-L56,6fab,N,7B,crystal,1.90A,20.90%,11.19,20.91,1jfq,N,7A,crystal,1.90A,19.60%,6.31,18.04,2.05
H1,H23-H35,1tqb,Y,10A,crystal,2.55A,21.40%,30.19,46.32,1a4j,N,10L,crystal,2.10A,22.90%,21.81,71.93,1.91
H1,H23-H35,2brr,Y,10A,crystal,1.95A,20.00%,17.35,25.08,1a4j,N,10L,crystal,2.10A,22.90%,21.81,71.93,1.9
H1,H23-H35,1tpx,Y,10A,crystal,2.56A,22.00%,24.87,38.95,1a4j,N,10L,crystal,2.10A,22.90%,21.81,71.93,1.9
H2,H50-H58,1d5i,N,10F,crystal,2.00A,21.60%,29.66,49.34,1d6v,N,10J,crystal,2.00A,22.40%,17.42,55.23,1.57
H2,H50-H58,1yqv,Y,10F,crystal,1.70A,19.50%,14.61,29.52,1d6v,N,10J,crystal,2.00A,22.40%,17.42,55.23,1.51
H2,H50-H58,3hi6,Y,10F,crystal,2.30A,17.30%,14.6,27.22,3hi5,N,10B,crystal,2.50A,23.60%,26.7,31.87,1.5
H2,H50-H58,1bql,Y,10F,crystal,2.60A,19.10%,3.42,17.34,1d6v,N,10J,crystal,2.00A,22.40%,17.42,55.23,1.67
H1,H23-H35,2hkf,Y,10X,crystal,2.01A,17.90%,4.69,19.12,2hkh,N,10F,crystal,2.10A,22.40%,27.81,53.67,1.24
H1,H23-H35,1aj7,N,10Q,crystal,2.10A,21.70%,8.45,57.68,2rcs,N,10A,crystal,2.10A,21.00%,7.66,32.02,1.5
L1,L24-L34,1nbv,N,16B,crystal,2.00A,24.60%,13.47,16.3,1a4j,N,16A,crystal,2.10A,22.90%,27.59,56.89,1.33
