Query,QCan,BestMatch,BCan,SeqID,RMS
2f5a,9A,1tjg,9A,0.9,0.756
1tjg,9A,2f5a,9A,0.9,0.756
3bqu_1,9A,1tjg,9A,1.0,0.841
2jb6,11H,3h42,11A,0.6,3.326
1ind,9D,1a6w,9D,0.9,0.623
1ind,9D,1a6u,9D,0.9,0.743
1ind,9D,1yuh,9D,0.9,1.590
1ind,9D,1p4i,9D,0.9,1.017
1ind,9D,1p4b,9D,0.9,0.927
1ind,9D,1pg7_2,9D,0.9,0.625
1ind,9D,1nc2,9D,0.9,0.795
1ind,9D,1ngp,9D,0.9,0.732
1ind,9D,1a6v,9D,0.9,0.911
1oar,9D,1ocw,9D,1.0,0.646
1oar,9D,1oaq,9C,1.0,1.646
1a6w,9D,1a6u,9D,1.0,0.440
1a6w,9D,1yuh,9D,1.0,1.596
1a6w,9D,1ngp,9D,1.0,0.825
1a6w,9D,1a6v,9D,1.0,0.773
1a6u,9D,1a6w,9D,1.0,0.440
1a6u,9D,1yuh,9D,1.0,1.690
1a6u,9D,1ngp,9D,1.0,0.998
1a6u,9D,1a6v,9D,1.0,0.869
1yuh,9D,1a6w,9D,1.0,1.596
1yuh,9D,1a6u,9D,1.0,1.690
1yuh,9D,1ngp,9D,1.0,1.700
1yuh,9D,1a6v,9D,1.0,1.735
1oax,9D,1ocw,9D,1.0,0.579
1oax,9D,1oaq,9C,1.0,1.831
1oay,9D,1oax,9D,1.0,0.571
1mfe,9C,1mfb,9C,1.0,0.376
1q0x,9C,1ocw,9D,0.8,1.753
1q0x,9C,1oaq,9C,0.8,1.690
1p4i,9D,1p4b,9D,1.0,0.681
1p4b,9D,1p4i,9D,1.0,0.681
1bm3,9A,1rih,9A,0.8,1.075
1fe8,9A,1qbl,9A,0.7,1.001
1fe8,9A,1jhk,9A,0.7,0.725
1fe8,9A,1jgl,9A,0.7,0.708
1fe8,9A,1pg7_1,9A,0.7,0.615
1fe8,9A,3hns,9A,0.7,0.633
1fe8,9A,3d85,9A,0.8,0.603
1i8i,9A,1ejo,9A,0.8,0.450
1i8i,9A,2adg,9A,0.8,0.485
2q76,9A,1mlb,9A,1.0,0.455
1mlb,9A,2q76,9A,1.0,0.455
1gpo,9A,2bfv,9A,0.7,1.003
1gpo,9A,1bfv,9A,0.7,0.973
1qfw_1,11E,2qr0,11F,0.4,3.375
1qfw_2,9A,2zch,9A,0.7,0.750
1qfw_2,9A,1ejo,9A,0.7,0.593
1qfw_2,9A,1j05,9A,0.7,0.607
1qfw_2,9A,3bsz,9A,0.7,0.753
1qfw_2,9A,2nyy,9A,0.7,0.628
1qfw_2,9A,2gcy,9A,0.7,1.021
2bfv,9A,1bfv,9A,1.0,0.277
1bfv,9A,2bfv,9A,1.0,0.277
1eap,8B,1a0q,8B,1.0,0.421
1c12,9A,2q76,9A,0.6,0.791
1c12,9A,1mlb,9A,0.6,0.734
1c12,9A,1a14,9A,0.6,0.900
1c12,9A,1k4c,9A,0.6,1.045
1c12,9A,2hvj,9A,0.6,1.355
1c12,9A,1yy8,9A,0.6,1.101
1c12,9A,1aif,9A,0.6,1.172
1c12,9A,1fh5,9A,0.6,1.703
1c12,9A,1c5b,9A,0.7,0.927
1c12,9A,2osl,9A,0.6,1.167
1jhl,9A,2q76,9A,0.7,0.639
1jhl,9A,1mlb,9A,0.8,0.572
1jhl,9A,1aif,9A,0.8,1.006
1jhl,9A,1emt,9A,0.7,0.793
1jhl,9A,1fh5,9A,0.8,1.569
1jhl,9A,1c5b,9A,0.7,0.747
1jhl,9A,2vwe,9A,0.7,0.684
1jhl,9A,2fbj,9D,0.7,2.204
1ar1,10G,1mqk,10G,1.0,0.865
1mqk,10G,1ar1,10G,1.0,0.865
1a14,9A,1nma,9A,1.0,0.649
1a14,9A,1nmb,9A,1.0,0.353
1fn4,8B,1a7o,8B,0.5,1.553
3b9k,8B,1c5d,8B,0.8,0.819
3b9k,8B,2adf,8B,0.8,0.821
1k6q,9A,1pg7_1,9A,0.9,0.767
1d5b,9A,1d5i,9A,1.0,0.773
1d5i,9A,1d5b,9A,1.0,0.773
1ahw,9A,3fzu,9A,0.8,1.010
1ahw,9A,1pg7_1,9A,0.9,1.152
1ahw,9A,3hns,9A,0.7,0.762
1bog,9A,1rjl,9A,0.8,0.447
1k4c,9A,2hvj,9A,1.0,0.860
2hvj,9A,1k4c,9A,1.0,0.860
1yy8,9A,1k4c,9A,0.8,0.384
1yy8,9A,2hvj,9A,0.8,0.972
3bgf,9A,1bj1,9A,0.7,1.188
3bgf,9A,2gfb,9A,0.8,1.038
2aep,9A,2aeq,9A,1.0,0.975
2aeq,9A,2aep,9A,1.0,0.975
2z4q,9A,1wt5,9A,1.0,0.476
1n4x,9A,1cl7,9A,1.0,0.859
1ktr,9A,1s3k,9A,1.0,0.884
1aif,9A,2q76,9A,0.8,0.860
1aif,9A,1mlb,9A,0.8,0.878
1aif,9A,15c8,9A,0.7,1.015
1aif,9A,1ndg,9A,0.8,1.149
1aif,9A,1ndm,9A,0.8,1.191
1aif,9A,1dqj,9A,0.8,1.162
1aif,9A,1dqm,9A,0.8,1.094
1aif,9A,1fh5,9A,0.8,1.728
2aab,9A,2zch,9A,0.7,0.858
1ck0,8B,3dv4,8B,0.9,0.933
1ck0,8B,3dus,8B,0.9,0.923
1ck0,8B,2zuq,8B,0.9,1.210
1ck0,8B,1qkz,8B,0.7,1.197
1dvf_2,9A,1hys,9I,0.8,1.579
1cz8,9A,1bj1,9A,1.0,0.559
1rjl,9A,1d5b,9A,0.8,0.687
1rjl,9A,1bog,9A,0.8,0.447
1yjd,9A,2cmr,9A,0.8,0.887
6fab,9A,1jfq,9A,1.0,0.523
1jfq,9A,6fab,9A,1.0,0.523
1r24,9A,1bz7,9A,1.0,0.965
1bz7,9A,1r24,9A,1.0,0.965
1ay1,9A,1bgx,9K,1.0,1.830
1bgx,9K,1ay1,9A,1.0,1.830
1zan,9A,1fdl,9A,0.7,1.380
1zan,9A,1cic_2,9A,0.7,1.098
1zan,9A,1oak,9A,0.7,1.027
1zan,9A,1fns,9A,0.7,1.006
1zan,9A,1bvk,9A,0.7,1.255
2j88,8B,3hi5,8B,0.7,1.326
2j88,8B,3cmo,8B,0.6,1.286
2j88,8B,3hi6,8B,0.7,1.333
1qbl,9A,1jhk,9A,0.9,0.671
1qbl,9A,1jgl,9A,0.9,0.546
1jhk,9A,1jgl,9A,1.0,0.410
1jgl,9A,1jhk,9A,1.0,0.410
1fdl,9A,1cic_2,9A,1.0,1.334
1fdl,9A,1bvk,9A,1.0,0.972
1cic_2,9A,1fdl,9A,1.0,1.334
1cic_2,9A,1bvk,9A,1.0,1.414
1kb5,9A,1bbj,9A,0.8,1.351
1bbj,9A,1kb5,9A,0.8,1.351
1bbj,9A,2bdn,9A,0.8,1.811
1c5d,8B,3b9k,8B,0.8,0.819
1c5d,8B,2adf,8B,0.8,0.952
1c5d,8B,3hi5,8B,0.6,0.915
1c5d,8B,3hi6,8B,0.6,0.845
1oak,9A,1fns,9A,1.0,0.211
1fns,9A,1oak,9A,1.0,0.211
2vxt,9A,3hns,9A,0.7,0.676
2vxt,9A,2eks,9A,0.7,0.306
2vxt,9A,2gfb,9A,0.9,0.987
2adf,8B,3b9k,8B,0.8,0.821
2adf,8B,1c5d,8B,0.8,0.952
1uj3,9A,1ahw,9A,0.9,1.030
1uj3,9A,1yjd,9A,0.7,0.591
1uj3,9A,1pg7_1,9A,0.9,1.143
1uj3,9A,2bdn,9A,0.7,0.705
1uj3,9A,3hns,9A,0.7,0.985
1uj3,9A,2vwe,9A,0.7,0.793
1uj3,9A,2eks,9A,0.7,0.904
1l7i,9A,2h9g,9A,0.8,1.689
1l7i,9A,2fjf,9A,0.8,1.547
1l7i,9A,2r0l,9A,0.8,1.743
1l7i,9A,1cf8,9A,0.7,1.548
1l7i,9A,1ztx,9A,0.8,1.939
1l7i,9A,2nr6,9A,0.8,1.656
1l7i,9A,1ncb,9A,0.8,1.902
1l7i,9A,1nca,9A,0.8,1.875
1l7i,9A,1igc,9A,0.7,2.067
1l7i,9A,1uyw,9A,0.8,2.435
3hc4,9A,3hc3,9A,1.0,0.433
3hc4,9A,3hc0,9A,1.0,0.151
3hc3,9A,3hc4,9A,1.0,0.433
3hc3,9A,3hc0,9A,1.0,0.421
3hc0,9A,3hc4,9A,1.0,0.151
3hc0,9A,3hc3,9A,1.0,0.421
1igm,9A,3eo9,9A,0.8,0.610
1bvk,9A,1fdl,9A,1.0,0.972
1bvk,9A,1cic_2,9A,1.0,1.414
3eo9,9A,1igm,9A,0.8,0.610
1tzh,8B,3b9k,8B,0.4,1.615
1tzh,8B,2j88,8B,0.5,1.333
1tzh,8B,1c5d,8B,0.4,1.589
1tzh,8B,2adf,8B,0.4,1.525
1tzh,8B,1dql,8B,0.5,1.492
1tzh,8B,1za3,8B,0.7,1.593
1tzh,8B,3hi5,8B,0.5,1.522
1tzh,8B,1a7o,8B,0.5,1.453
1tzh,8B,1q9o,8B,0.5,1.608
1tzh,8B,2zuq,8B,0.5,1.609
1tzh,8B,1q9k,8B,0.5,1.681
1tzh,8B,2g5b,8B,0.5,1.500
1tzh,8B,1il1,8B,0.5,1.518
1tzh,8B,3dur,8B,0.5,1.613
1tzh,8B,3cmo,8B,0.5,1.640
1tzh,8B,3hi6,8B,0.5,1.643
1tzh,8B,1rz7,8B,0.5,1.197
1tzh,8B,1qkz,8B,0.5,1.760
1fgv,9A,2fgw,9A,1.0,0.804
2fgw,9A,1fgv,9A,1.0,0.804
3bdy,9A,3cfd,9A,0.8,0.732
1dql,8B,3hi5,8B,0.6,0.625
1dql,8B,3hi6,8B,0.6,0.604
3fzu,9A,1ahw,9A,0.8,1.010
3fzu,9A,2v7h,9A,0.7,0.867
1za3,8B,1tzh,8B,0.7,1.593
1za3,8B,3cmo,8B,0.5,1.552
1za3,8B,1ors,8B,0.4,1.693
1fve,9A,1fvd,9A,1.0,0.452
1fve,9A,1fvc,9A,1.0,0.538
1fve,9A,1n8z,9A,1.0,0.815
1fvd,9A,1fve,9A,1.0,0.452
1fvd,9A,1fvc,9A,1.0,0.557
1fvd,9A,1n8z,9A,1.0,0.657
1fvc,9A,1fve,9A,1.0,0.538
1fvc,9A,1fvd,9A,1.0,0.557
1fvc,9A,1n8z,9A,1.0,0.749
1n8z,9A,1fve,9A,1.0,0.815
1n8z,9A,1fvd,9A,1.0,0.657
1n8z,9A,1fvc,9A,1.0,0.749
2qqk,9A,3g6j,9A,0.7,1.001
2qqk,9A,2r0l,9A,0.7,1.010
2hfg,9A,2r0l,9A,0.7,0.651
3g6j,9A,2fjf,9A,0.8,1.412
2h9g,9A,2fjf,9A,1.0,0.842
2h9g,9A,2r0l,9A,1.0,0.703
3grw,9A,2qqk,9A,0.6,0.998
3grw,9A,2hfg,9A,0.6,0.701
3grw,9A,2h9g,9A,0.7,0.475
3grw,9A,2fjf,9A,0.7,0.905
3grw,9A,2r0l,9A,0.7,0.720
2fjf,9A,2h9g,9A,1.0,0.842
2fjf,9A,2r0l,9A,1.0,0.857
2r0l,9A,2h9g,9A,1.0,0.703
2r0l,9A,2fjf,9A,1.0,0.857
3bn9,9A,1dee,9A,0.6,0.670
3bn9,9A,1fbi,9A,0.6,1.065
3bn9,9A,1nma,9A,0.6,1.116
3bn9,9A,1nmb,9A,0.6,0.990
3bn9,9A,2gfb,9A,0.5,1.154
3hi5,8B,3hi6,8B,1.0,0.708
2r8s,9A,2fjf,9A,0.8,0.811
2qr0,11F,3dvg,11C,0.8,3.277
2fjh,9A,2cmr,9A,0.7,0.518
2qqn,9A,2z4q,9A,0.7,0.398
2qqn,9A,1emt,9A,0.7,0.817
2qqn,9A,1fbi,9A,0.7,0.955
2qqn,9A,3cfd,9A,0.7,0.720
2qqn,9A,1wt5,9A,0.7,0.378
2qqn,9A,2vwe,9A,0.7,0.871
1pg7_1,9A,1k6q,9A,0.9,0.767
1pg7_1,9A,1ahw,9A,0.9,1.152
1s3k,9A,1ktr,9A,1.0,0.884
1s3k,9A,1clz,9A,1.0,0.771
1s3k,9A,1cly,9A,1.0,0.644
1dee,9A,2a6d,9A,0.8,1.158
1bj1,9A,1cz8,9A,1.0,0.559
3c09,9D,3c08,9A,1.0,1.119
1fj1,9A,2v7h,9A,0.7,1.656
2cmr,9A,1yjd,9A,0.8,0.887
1t04,9A,1b2w,9A,1.0,1.135
1t04,9A,1b4j,9A,1.0,0.875
1b2w,9A,1t04,9A,1.0,1.135
1b2w,9A,1b4j,9A,1.0,1.067
1rzg,9A,1aif,9A,0.6,1.131
1rzg,9A,1yjd,9A,0.5,0.732
1rzg,9A,3bn9,9A,0.6,0.639
1rzg,9A,1fbi,9A,0.5,0.949
1rzg,9A,2r56,9A,0.6,0.836
1rzg,9A,1uwx,9A,0.6,0.921
1dfb,7A,1mim,7A,0.4,1.188
1ad9,9A,1ae6,9A,1.0,1.100
2bdn,9A,1yjd,9A,0.8,0.625
2bdn,9A,1bbj,9A,0.8,1.811
1e4w,9A,1emt,9A,0.8,0.419
1emt,9A,1e4w,9A,0.8,0.419
3hns,9A,1d5i,9A,0.7,0.731
3hns,9A,1ahw,9A,0.7,0.762
3hns,9A,2z4q,9A,0.7,1.029
3hns,9A,1yjd,9A,0.7,0.949
3hns,9A,1emt,9A,0.7,0.834
3hns,9A,2v7h,9A,0.7,1.103
3hns,9A,1wt5,9A,0.7,1.106
3hns,9A,2jel,9A,0.7,1.052
3hns,9A,2eks,9A,0.7,0.863
2v7h,9A,1d5i,9A,0.7,0.808
2v7h,9A,2z4q,9A,0.8,0.813
2v7h,9A,3fzu,9A,0.7,0.867
2v7h,9A,1emt,9A,0.8,0.621
2v7h,9A,3hns,9A,0.7,1.103
2v7h,9A,1wt5,9A,0.8,0.838
2v7h,9A,2d7t,9A,0.7,0.818
2v7h,9A,2uyl,9A,0.8,0.807
1xiw,9A,1oak,9A,0.8,0.546
1xiw,9A,1fns,9A,0.8,0.546
1xiw,9A,1bj1,9A,0.8,0.452
1xiw,9A,2a1w,9A,0.7,1.199
1fbi,9A,1emt,9A,0.8,0.744
1fbi,9A,3hns,9A,0.7,0.831
3cfd,9A,2z4q,9A,0.8,0.559
3cfd,9A,3eo9,9A,0.8,0.381
3cfd,9A,3bdy,9A,0.8,0.732
3cfd,9A,1emt,9A,0.8,0.435
3cfd,9A,1wt5,9A,0.8,0.666
3cfd,9A,2vwe,9A,0.9,0.777
1fai,9A,1fgv,9A,0.8,1.012
2a6d,9A,1igm,9A,0.8,0.622
2a6d,9A,3eo9,9A,0.8,0.642
2a6d,9A,1dee,9A,0.8,1.158
1nma,9A,1nmb,9A,1.0,0.682
1nmb,9A,1nma,9A,1.0,0.682
1ikf,9A,1dee,9A,0.6,0.775
1ikf,9A,1bj1,9A,0.7,0.587
1ikf,9A,3cfd,9A,0.7,0.603
1ikf,9A,1fai,9A,0.7,0.834
1mam,9A,1ktr,9A,0.8,0.522
1mam,9A,1s3k,9A,0.8,0.841
1mam,9A,1emt,9A,0.8,0.475
1hys,9I,1dvf_2,9A,0.7,1.579
1ynt,9A,1ahw,9A,0.7,1.003
1ynt,9A,1ktr,9A,0.7,0.904
1ynt,9A,1aif,9A,0.8,1.090
1ynt,9A,1kb5,9A,0.7,1.131
1ynt,9A,1emt,9A,0.8,0.981
1ynt,9A,3hns,9A,0.7,1.172
1ynt,9A,3cfd,9A,0.8,0.956
1ynt,9A,1ob1,9A,0.7,1.283
1ynt,9A,2gfb,9A,0.7,1.205
2ajs,9A,1mjj,9A,0.8,2.277
2ajs,9A,1q72,9A,0.8,2.147
2ajs,9A,1mh5,9A,0.8,2.285
2ajs,9A,1mj7,9A,0.8,2.234
2ajs,9A,1mj8,9A,0.8,2.225
1dqd,9A,1seq,9A,0.7,0.821
1dqd,9A,3bky,9A,0.7,0.701
1a3l,9A,3bsz,9A,0.7,0.780
1a3l,9A,1mhh,9A,0.7,0.517
1a3l,9A,1mhp,9A,0.7,0.396
1a3l,9A,2w9d,9A,0.7,0.752
1a3l,9A,2b2x,9A,0.7,0.455
1a3l,9A,2w9e,9A,0.7,0.741
1i3g,9A,12e8,9A,0.9,0.944
15c8,9A,1aif,9A,0.7,1.015
1seq,9A,3bky,9A,0.8,1.306
1yqv,8B,1bql,8B,1.0,0.765
1bql,8B,1yqv,8B,1.0,0.765
2gsi,9A,2zch,9A,0.6,1.074
1f58,9A,1ejo,9A,0.7,0.845
2zch,9A,1qfw_2,9A,0.7,0.750
2zch,9A,2aab,9A,0.7,0.858
2zch,9A,1seq,9A,0.7,0.681
2zch,9A,1iqw,9A,0.8,0.793
2zch,9A,1ejo,9A,0.8,0.808
2zch,9A,3bsz,9A,0.8,0.910
2zch,9A,2nyy,9A,0.8,0.953
2zch,9A,2gcy,9A,0.8,1.075
2zch,9A,1it9,9A,0.8,0.787
2zch,9A,2w9d,9A,0.7,1.090
2zch,9A,2w9e,9A,0.7,1.127
1iqw,9A,1it9,9A,1.0,0.591
2or9,9A,2orb,9A,1.0,0.827
1h0d,9A,1ejo,9A,0.8,0.862
2orb,9A,2or9,9A,1.0,0.827
1ejo,9A,2nyy,9A,0.9,0.753
1ejo,9A,2gcy,9A,0.9,1.043
2r29,9I,1ejo,9A,0.7,1.334
2r29,9I,3bsz,9A,0.7,1.467
2r29,9I,2nyy,9A,0.7,1.250
2r29,9I,2gcy,9A,0.7,1.384
2r29,9I,1mhp,9A,0.6,1.435
2r29,9I,2b2x,9A,0.6,1.461
3i2c,9A,1i9r,9A,0.8,1.167
3i2c,9A,1nsn,9A,0.8,1.134
3i2c,9A,2nyy,9A,0.7,1.146
3i2c,9A,2gcy,9A,0.8,1.041
3i2c,9A,1sy6,9A,0.7,1.625
1j05,9A,15c8,9A,0.7,0.775
1j05,9A,1ggi,9A,0.8,0.966
1j05,9A,3bsz,9A,0.8,0.858
1a7q,9A,1kir,9A,0.9,0.592
1a7q,9A,1a7r,9A,0.9,0.167
1a7q,9A,1a7n,9A,0.9,0.198
1a7q,9A,1kip,9A,0.9,0.611
1a7q,9A,1kiq,9A,0.9,0.593
1a7q,9A,1a2y,9A,0.9,0.591
1a7q,9A,1vfa,9A,0.9,0.548
1kir,9A,1a7r,9A,1.0,0.603
1kir,9A,1a7n,9A,1.0,0.588
1kir,9A,1kip,9A,1.0,0.155
1kir,9A,1kiq,9A,1.0,0.149
1kir,9A,1a2y,9A,1.0,0.171
1kir,9A,1vfa,9A,1.0,0.249
1a7r,9A,1kir,9A,1.0,0.603
1a7r,9A,1a7n,9A,1.0,0.153
1a7r,9A,1kip,9A,1.0,0.616
1a7r,9A,1kiq,9A,1.0,0.595
1a7r,9A,1a2y,9A,1.0,0.598
1a7r,9A,1vfa,9A,1.0,0.535
1a7n,9A,1kir,9A,1.0,0.588
1a7n,9A,1a7r,9A,1.0,0.153
1a7n,9A,1kip,9A,1.0,0.607
1a7n,9A,1kiq,9A,1.0,0.584
1a7n,9A,1a2y,9A,1.0,0.591
1a7n,9A,1vfa,9A,1.0,0.547
1a7o,8B,1eap,8B,0.5,1.513
1a7o,8B,1fn4,8B,0.5,1.553
1a7o,8B,1ck0,8B,0.5,1.179
1a7o,8B,2j88,8B,0.7,1.388
1a7o,8B,3hi5,8B,0.7,1.125
1a7o,8B,3dv4,8B,0.5,1.255
1a7o,8B,3dus,8B,0.5,1.261
1a7o,8B,3cmo,8B,0.6,1.620
1a7o,8B,1a0q,8B,0.5,1.533
1a7o,8B,3hi6,8B,0.7,1.183
1a7o,8B,1ors,8B,0.6,2.084
1a7p,9A,1kir,9A,1.0,1.284
1a7p,9A,1a7r,9A,1.0,1.135
1a7p,9A,1a7n,9A,1.0,1.128
1a7p,9A,1kip,9A,1.0,1.303
1a7p,9A,1kiq,9A,1.0,1.284
1a7p,9A,1a2y,9A,1.0,1.288
1a7p,9A,1vfa,9A,1.0,1.256
1kip,9A,1kir,9A,1.0,0.155
1kip,9A,1a7r,9A,1.0,0.616
1kip,9A,1a7n,9A,1.0,0.607
1kip,9A,1kiq,9A,1.0,0.131
1kip,9A,1a2y,9A,1.0,0.162
1kip,9A,1vfa,9A,1.0,0.301
1kiq,9A,1kir,9A,1.0,0.149
1kiq,9A,1a7r,9A,1.0,0.595
1kiq,9A,1a7n,9A,1.0,0.584
1kiq,9A,1kip,9A,1.0,0.131
1kiq,9A,1a2y,9A,1.0,0.129
1kiq,9A,1vfa,9A,1.0,0.260
1a2y,9A,1kir,9A,1.0,0.171
1a2y,9A,1a7r,9A,1.0,0.598
1a2y,9A,1a7n,9A,1.0,0.591
1a2y,9A,1kip,9A,1.0,0.162
1a2y,9A,1kiq,9A,1.0,0.129
1a2y,9A,1vfa,9A,1.0,0.256
1vfa,9A,1kir,9A,1.0,0.249
1vfa,9A,1a7r,9A,1.0,0.535
1vfa,9A,1a7n,9A,1.0,0.547
1vfa,9A,1kip,9A,1.0,0.301
1vfa,9A,1kiq,9A,1.0,0.260
1vfa,9A,1a2y,9A,1.0,0.256
2v7n,9A,1z3g,9A,0.7,1.662
1i9r,9A,1z3g,9A,0.8,0.786
1ndg,9A,1ndm,9A,1.0,0.175
1ndg,9A,1dqj,9A,1.0,0.113
1ndg,9A,1dqm,9A,1.0,0.523
1ndg,9A,1ua6,9A,1.0,0.753
1ndm,9A,1dqj,9A,1.0,0.163
1ndm,9A,1dqm,9A,1.0,0.545
1dqj,9A,1ndm,9A,1.0,0.163
1dqj,9A,1dqm,9A,1.0,0.542
1dqm,9A,1ndm,9A,1.0,0.545
1dqm,9A,1dqj,9A,1.0,0.542
1fh5,9A,2q76,9A,0.9,2.577
1fh5,9A,1mlb,9A,1.0,2.532
2dqi,9A,1j1o,9A,1.0,0.104
2dqi,9A,1j1p,9A,1.0,0.125
2dqi,9A,1j1x,9A,1.0,0.172
2dqi,9A,1ic7,9A,1.0,0.384
2dqi,9A,1ic4,9A,1.0,0.291
2dqi,9A,2dqf,9A,1.0,0.254
2dqi,9A,2dqc,9A,1.0,0.112
2dqi,9A,2dqd,9A,1.0,0.300
2dqi,9A,2dqe,9A,1.0,0.369
2dqi,9A,2dqg,9A,1.0,0.530
2dqi,9A,1ic5,9A,1.0,0.394
2dqi,9A,1c08,9A,1.0,0.179
2dqi,9A,3hfm,9A,1.0,0.531
1j1o,9A,2dqi,9A,1.0,0.104
1j1o,9A,1j1p,9A,1.0,0.128
1j1o,9A,1j1x,9A,1.0,0.149
1j1o,9A,1ic7,9A,1.0,0.382
1j1o,9A,1ic4,9A,1.0,0.298
1j1o,9A,2dqf,9A,1.0,0.251
1j1o,9A,2dqc,9A,1.0,0.090
1j1o,9A,2dqd,9A,1.0,0.313
1j1o,9A,2dqe,9A,1.0,0.363
1j1o,9A,2dqg,9A,1.0,0.540
1j1o,9A,1ic5,9A,1.0,0.403
1j1o,9A,1c08,9A,1.0,0.164
1j1o,9A,3hfm,9A,1.0,0.550
1j1p,9A,2dqi,9A,1.0,0.125
1j1p,9A,1j1o,9A,1.0,0.128
1j1p,9A,1j1x,9A,0.9,0.214
1j1p,9A,1ic7,9A,1.0,0.382
1j1p,9A,1ic4,9A,1.0,0.285
1j1p,9A,2dqf,9A,1.0,0.232
1j1p,9A,2dqc,9A,1.0,0.104
1j1p,9A,2dqd,9A,1.0,0.309
1j1p,9A,2dqe,9A,1.0,0.372
1j1p,9A,2dqg,9A,1.0,0.535
1j1p,9A,1ic5,9A,1.0,0.406
1j1p,9A,1c08,9A,1.0,0.183
1j1p,9A,3hfm,9A,1.0,0.543
1j1x,9A,2dqi,9A,1.0,0.172
1j1x,9A,1j1o,9A,1.0,0.149
1j1x,9A,1j1p,9A,0.9,0.214
1j1x,9A,1ic7,9A,1.0,0.396
1j1x,9A,1ic4,9A,1.0,0.320
1j1x,9A,2dqf,9A,1.0,0.290
1j1x,9A,2dqc,9A,1.0,0.160
1j1x,9A,2dqd,9A,1.0,0.198
1j1x,9A,2dqe,9A,1.0,0.383
1j1x,9A,2dqg,9A,1.0,0.547
1j1x,9A,1ic5,9A,1.0,0.426
1j1x,9A,1c08,9A,1.0,0.188
1j1x,9A,3hfm,9A,1.0,0.552
1ic7,9A,2dqi,9A,1.0,0.384
1ic7,9A,1j1o,9A,1.0,0.382
1ic7,9A,1j1p,9A,1.0,0.382
1ic7,9A,1j1x,9A,1.0,0.396
1ic7,9A,1ic4,9A,1.0,0.425
1ic7,9A,2dqf,9A,1.0,0.428
1ic7,9A,2dqc,9A,1.0,0.375
1ic7,9A,2dqd,9A,1.0,0.474
1ic7,9A,2dqe,9A,1.0,0.132
1ic7,9A,2dqg,9A,1.0,0.635
1ic7,9A,1ic5,9A,1.0,0.160
1ic7,9A,1c08,9A,1.0,0.368
1ic7,9A,3hfm,9A,1.0,0.602
1ic4,9A,2dqi,9A,1.0,0.291
1ic4,9A,1j1o,9A,1.0,0.298
1ic4,9A,1j1p,9A,1.0,0.285
1ic4,9A,1j1x,9A,1.0,0.320
1ic4,9A,1ic7,9A,1.0,0.425
1ic4,9A,2dqf,9A,1.0,0.337
1ic4,9A,2dqc,9A,1.0,0.283
1ic4,9A,2dqd,9A,1.0,0.407
1ic4,9A,2dqe,9A,1.0,0.445
1ic4,9A,2dqg,9A,1.0,0.585
1ic4,9A,1ic5,9A,1.0,0.445
1ic4,9A,1c08,9A,1.0,0.260
1ic4,9A,3hfm,9A,1.0,0.587
2dqf,9A,2dqi,9A,1.0,0.254
2dqf,9A,1j1o,9A,1.0,0.251
2dqf,9A,1j1p,9A,1.0,0.232
2dqf,9A,1j1x,9A,1.0,0.290
2dqf,9A,1ic7,9A,1.0,0.428
2dqf,9A,1ic4,9A,1.0,0.337
2dqf,9A,2dqc,9A,1.0,0.232
2dqf,9A,2dqd,9A,1.0,0.363
2dqf,9A,2dqe,9A,1.0,0.414
2dqf,9A,2dqg,9A,1.0,0.562
2dqf,9A,1ic5,9A,1.0,0.431
2dqf,9A,1c08,9A,1.0,0.256
2dqf,9A,3hfm,9A,1.0,0.570
2dqc,9A,2dqi,9A,1.0,0.112
2dqc,9A,1j1o,9A,1.0,0.090
2dqc,9A,1j1p,9A,1.0,0.104
2dqc,9A,1j1x,9A,1.0,0.160
2dqc,9A,1ic7,9A,1.0,0.375
2dqc,9A,1ic4,9A,1.0,0.283
2dqc,9A,2dqf,9A,1.0,0.232
2dqc,9A,2dqd,9A,1.0,0.295
2dqc,9A,2dqe,9A,1.0,0.361
2dqc,9A,2dqg,9A,1.0,0.539
2dqc,9A,1ic5,9A,1.0,0.391
2dqc,9A,1c08,9A,1.0,0.134
2dqc,9A,3hfm,9A,1.0,0.548
2dqd,9A,2dqi,9A,1.0,0.300
2dqd,9A,1j1o,9A,1.0,0.313
2dqd,9A,1j1p,9A,1.0,0.309
2dqd,9A,1j1x,9A,1.0,0.198
2dqd,9A,1ic7,9A,1.0,0.474
2dqd,9A,1ic4,9A,1.0,0.407
2dqd,9A,2dqf,9A,1.0,0.363
2dqd,9A,2dqc,9A,1.0,0.295
2dqd,9A,2dqe,9A,1.0,0.464
2dqd,9A,2dqg,9A,1.0,0.609
2dqd,9A,1ic5,9A,1.0,0.486
2dqd,9A,1c08,9A,1.0,0.336
2dqd,9A,3hfm,9A,1.0,0.629
2dqe,9A,2dqi,9A,1.0,0.369
2dqe,9A,1j1o,9A,1.0,0.363
2dqe,9A,1j1p,9A,1.0,0.372
2dqe,9A,1j1x,9A,1.0,0.383
2dqe,9A,1ic7,9A,1.0,0.132
2dqe,9A,1ic4,9A,1.0,0.445
2dqe,9A,2dqf,9A,1.0,0.414
2dqe,9A,2dqc,9A,1.0,0.361
2dqe,9A,2dqd,9A,1.0,0.464
2dqe,9A,2dqg,9A,1.0,0.627
2dqe,9A,1ic5,9A,1.0,0.174
2dqe,9A,1c08,9A,1.0,0.379
2dqe,9A,3hfm,9A,1.0,0.612
2dqg,9A,2dqi,9A,1.0,0.530
2dqg,9A,1j1o,9A,1.0,0.540
2dqg,9A,1j1p,9A,1.0,0.535
2dqg,9A,1j1x,9A,1.0,0.547
2dqg,9A,1ic7,9A,1.0,0.635
2dqg,9A,1ic4,9A,1.0,0.585
2dqg,9A,2dqf,9A,1.0,0.562
2dqg,9A,2dqc,9A,1.0,0.539
2dqg,9A,2dqd,9A,1.0,0.609
2dqg,9A,2dqe,9A,1.0,0.627
2dqg,9A,1ic5,9A,1.0,0.647
2dqg,9A,1c08,9A,1.0,0.555
2dqg,9A,3hfm,9A,1.0,0.597
1ua6,9A,1ndg,9A,1.0,0.753
1ua6,9A,2dqi,9A,1.0,0.388
1ua6,9A,1j1o,9A,1.0,0.380
1ua6,9A,1j1p,9A,0.9,0.387
1ua6,9A,1j1x,9A,0.9,0.399
1ua6,9A,1ic7,9A,1.0,0.144
1ua6,9A,1ic4,9A,1.0,0.445
1ua6,9A,2dqf,9A,1.0,0.409
1ua6,9A,2dqc,9A,1.0,0.371
1ua6,9A,2dqd,9A,1.0,0.473
1ua6,9A,2dqe,9A,1.0,0.105
1ua6,9A,2dqg,9A,1.0,0.638
1ua6,9A,2dqh,9A,1.0,0.347
1ua6,9A,1ic5,9A,1.0,0.173
1ua6,9A,1c08,9A,1.0,0.375
1ua6,9A,3hfm,9A,1.0,0.618
2dqh,9A,2dqi,9A,1.0,0.367
2dqh,9A,1j1o,9A,1.0,0.380
2dqh,9A,1j1p,9A,0.9,0.378
2dqh,9A,1j1x,9A,0.9,0.375
2dqh,9A,1ic7,9A,1.0,0.354
2dqh,9A,1ic4,9A,1.0,0.441
2dqh,9A,2dqf,9A,1.0,0.401
2dqh,9A,2dqc,9A,1.0,0.367
2dqh,9A,2dqd,9A,1.0,0.470
2dqh,9A,2dqe,9A,1.0,0.350
2dqh,9A,2dqg,9A,1.0,0.619
2dqh,9A,1ua6,9A,1.0,0.347
2dqh,9A,1ic5,9A,1.0,0.372
2dqh,9A,1c08,9A,1.0,0.371
2dqh,9A,3hfm,9A,1.0,0.533
1ic5,9A,2dqi,9A,1.0,0.394
1ic5,9A,1j1o,9A,1.0,0.403
1ic5,9A,1j1p,9A,1.0,0.406
1ic5,9A,1j1x,9A,1.0,0.426
1ic5,9A,1ic7,9A,1.0,0.160
1ic5,9A,1ic4,9A,1.0,0.445
1ic5,9A,2dqf,9A,1.0,0.431
1ic5,9A,2dqc,9A,1.0,0.391
1ic5,9A,2dqd,9A,1.0,0.486
1ic5,9A,2dqe,9A,1.0,0.174
1ic5,9A,2dqg,9A,1.0,0.647
1ic5,9A,1c08,9A,1.0,0.387
1ic5,9A,3hfm,9A,1.0,0.604
1c08,9A,2dqi,9A,1.0,0.179
1c08,9A,1j1o,9A,1.0,0.164
1c08,9A,1j1p,9A,1.0,0.183
1c08,9A,1j1x,9A,1.0,0.188
1c08,9A,1ic7,9A,1.0,0.368
1c08,9A,1ic4,9A,1.0,0.260
1c08,9A,2dqf,9A,1.0,0.256
1c08,9A,2dqc,9A,1.0,0.134
1c08,9A,2dqd,9A,1.0,0.336
1c08,9A,2dqe,9A,1.0,0.379
1c08,9A,2dqg,9A,1.0,0.555
1c08,9A,1ic5,9A,1.0,0.387
1c08,9A,3hfm,9A,1.0,0.551
3hfm,9A,2dqi,9A,1.0,0.531
3hfm,9A,1j1o,9A,1.0,0.550
3hfm,9A,1j1p,9A,1.0,0.543
3hfm,9A,1j1x,9A,1.0,0.552
3hfm,9A,1ic7,9A,1.0,0.602
3hfm,9A,1ic4,9A,1.0,0.587
3hfm,9A,2dqf,9A,1.0,0.570
3hfm,9A,2dqc,9A,1.0,0.548
3hfm,9A,2dqd,9A,1.0,0.629
3hfm,9A,2dqe,9A,1.0,0.612
3hfm,9A,2dqg,9A,1.0,0.597
3hfm,9A,1ic5,9A,1.0,0.604
3hfm,9A,1c08,9A,1.0,0.551
2fd6,8B,1yqv,8B,0.7,2.451
2fd6,8B,1bql,8B,0.7,2.428
1ggi,9A,1ejo,9A,0.9,1.013
3dv4,8B,3dus,8B,1.0,0.237
3dus,8B,3dv4,8B,1.0,0.237
3bsz,9A,1ejo,9A,0.9,0.612
3bsz,9A,2nyy,9A,0.8,0.951
3bsz,9A,2gcy,9A,0.9,1.026
1nsn,9A,1i9r,9A,0.9,0.989
1nsn,9A,2w9d,9A,0.7,0.893
1nsn,9A,2w9e,9A,0.7,0.889
1cf8,9A,2w9d,9A,0.8,1.250
1cf8,9A,2w9e,9A,0.8,1.252
1q9o,8B,1q9k,8B,1.0,0.640
1q9o,8B,2g5b,8B,1.0,0.766
1q9o,8B,1il1,8B,0.8,0.899
1q9o,8B,3dur,8B,1.0,0.509
2zuq,8B,1qkz,8B,0.7,1.032
1q9k,8B,1q9o,8B,1.0,0.640
1q9k,8B,2g5b,8B,1.0,0.722
1q9k,8B,1il1,8B,0.8,0.923
1q9k,8B,3dur,8B,1.0,0.784
1mhh,9A,1xgy,9A,0.8,0.687
2g5b,8B,1q9o,8B,1.0,0.766
2g5b,8B,1q9k,8B,1.0,0.722
2g5b,8B,1il1,8B,0.8,1.096
2g5b,8B,3dur,8B,1.0,0.684
1il1,8B,1q9o,8B,0.8,0.899
1il1,8B,1q9k,8B,0.8,0.923
1il1,8B,2g5b,8B,0.8,1.096
1il1,8B,3dur,8B,0.8,0.939
1sbs,9A,1mhh,9A,0.7,0.591
1sbs,9A,1xgy,9A,0.7,0.684
1sbs,9A,1uz6,9A,0.7,0.791
1sbs,9A,3cfb,9A,0.7,0.711
1sbs,9A,1mjj,9A,0.7,0.460
1sbs,9A,1q72,9A,0.7,1.114
1sbs,9A,1mh5,9A,0.7,0.459
1sbs,9A,1mnu,9A,0.7,0.758
1sbs,9A,1kfa,9A,0.7,0.860
1sbs,9A,1mj7,9A,0.7,0.480
1sbs,9A,1mj8,9A,0.7,0.808
3bz4,9A,3c5s,9A,1.0,0.669
3c5s,9A,3bz4,9A,1.0,0.669
1xgy,9A,1mhh,9A,0.8,0.687
1xgy,9A,1bbd,9A,0.8,0.790
1xgy,9A,1a3r,9A,0.8,0.639
1uz6,9A,1mhh,9A,0.7,0.515
1uz6,9A,1xgy,9A,0.8,0.967
1uz6,9A,3cfb,9A,0.9,0.981
1uz6,9A,1mh5,9A,0.8,0.793
1uz6,9A,1a5f,9A,0.8,0.970
1uz6,9A,1mj7,9A,0.8,0.817
1uz6,9A,1mj8,9A,0.8,0.757
3cfb,9A,1mhh,9A,0.7,0.700
3cfb,9A,3bz4,9A,0.9,1.088
3cfb,9A,3c5s,9A,0.9,0.963
3cfb,9A,1xgy,9A,0.8,0.829
3cfb,9A,1uz6,9A,0.9,0.981
3cfb,9A,1a4k,9A,0.7,1.033
1ae6,9A,1ad9,9A,1.0,1.100
1mjj,9A,1q72,9A,0.9,1.126
1mjj,9A,1mh5,9A,1.0,0.227
1mjj,9A,1mj7,9A,0.9,0.257
1mjj,9A,1mj8,9A,1.0,0.866
1q72,9A,1ad9,9A,1.0,1.203
1q72,9A,1ae6,9A,1.0,0.814
1q72,9A,1mjj,9A,0.9,1.126
1q72,9A,1mh5,9A,0.9,1.133
1q72,9A,1mj7,9A,1.0,1.138
1q72,9A,1mj8,9A,0.9,0.878
1mh5,9A,1mj7,9A,1.0,0.262
1mh5,9A,1mj8,9A,1.0,0.893
3gk8,9A,1fve,9A,0.9,0.747
3gk8,9A,1fvd,9A,0.9,0.766
3gk8,9A,1fvc,9A,0.9,0.780
3gk8,9A,1n8z,9A,0.9,0.918
3gk8,9A,3eot,9A,0.8,1.372
1cic_1,9A,3hc4,9A,0.7,0.906
1cic_1,9A,3hc3,9A,0.7,0.914
1cic_1,9A,3hc0,9A,0.7,0.928
1cic_1,9A,1fve,9A,0.7,0.705
1cic_1,9A,1fvd,9A,0.7,0.746
1cic_1,9A,1fvc,9A,0.7,0.688
1cic_1,9A,1n8z,9A,0.7,0.786
1cic_1,9A,2h9g,9A,0.7,0.637
1cic_1,9A,2fjf,9A,0.7,0.711
1cic_1,9A,2r0l,9A,0.7,0.656
1cic_1,9A,1t04,9A,0.7,0.698
1cic_1,9A,1b2w,9A,0.7,0.953
1cic_1,9A,1i3g,9A,0.8,1.014
1cic_1,9A,1ztx,9A,0.7,0.781
1cic_1,9A,1iai_1,9I,0.7,1.013
1cic_1,9A,2nr6,9A,0.7,1.066
1cic_1,9A,1ncb,9A,0.7,0.880
1cic_1,9A,1nca,9A,0.7,0.858
1cic_1,9A,12e8,9A,0.8,0.834
1cic_1,9A,1uyw,9A,0.7,0.681
1cic_1,9A,1b4j,9A,0.7,0.736
1ztx,9A,2nr6,9A,0.9,1.038
1iai_1,9I,1ncb,9A,0.8,1.561
1iai_1,9I,1nca,9A,0.8,1.486
2nr6,9A,1ztx,9A,0.9,1.038
1acy,9A,1ejo,9A,0.9,0.949
1acy,9A,2nyy,9A,0.8,0.826
1acy,9A,2gcy,9A,0.8,1.102
1rz8,11D,2i60,11D,1.0,0.686
2i60,11D,1rz8,11D,1.0,0.686
3d85,9A,1emt,9A,0.8,0.800
1ncb,9A,1nca,9A,1.0,0.432
1nca,9A,1ncb,9A,1.0,0.432
1kcv,9A,2aep,9A,0.7,0.593
1kcv,9A,2aeq,9A,0.7,0.783
1kcv,9A,3cle,9A,0.8,0.663
1kcv,9A,3clf,9A,0.8,0.808
1kcv,9A,12e8,9A,0.8,0.656
1wt5,9A,2z4q,9A,1.0,0.476
1yec,9A,1yee,9A,1.0,0.717
1yee,9A,1yec,9A,1.0,0.717
3gi8,9A,1uz6,9A,0.7,1.335
3dur,8B,1q9o,8B,1.0,0.509
3dur,8B,1q9k,8B,1.0,0.784
3dur,8B,2g5b,8B,1.0,0.684
3dur,8B,1il1,8B,0.8,0.939
2arj,9A,1ahw,9A,0.7,1.044
2arj,9A,1yy8,9A,0.7,1.308
2arj,9A,2aep,9A,0.7,1.426
2arj,9A,2aeq,9A,0.7,1.394
2arj,9A,1ay1,9A,0.7,1.928
2arj,9A,1bgx,9K,0.7,2.269
2arj,9A,1bbj,9A,0.7,1.312
2arj,9A,1l7i,9A,0.7,1.808
2arj,9A,3hc4,9A,0.7,1.227
2arj,9A,3hc3,9A,0.7,1.284
2arj,9A,3hc0,9A,0.7,1.253
2arj,9A,2r0l,9A,0.7,1.578
2arj,9A,15c8,9A,0.7,1.553
2arj,9A,1cic_1,9A,0.7,1.161
2arj,9A,3cle,9A,0.7,1.206
2arj,9A,3clf,9A,0.7,1.250
2arj,9A,3b2u,9A,0.6,1.232
2arj,9A,2eks,9A,0.7,1.342
2arj,9A,1igc,9A,0.6,1.271
2arj,9A,1uyw,9A,0.7,1.551
1h3p,8B,2zuq,8B,0.9,0.920
1h3p,8B,1qkz,8B,0.7,1.208
2r56,9A,1igm,9A,0.8,1.013
2r56,9A,3eo9,9A,0.8,0.906
2r56,9A,2a6d,9A,0.7,0.734
2d7t,9A,2v7h,9A,0.7,0.818
1mcp,9A,1frg,9A,0.8,0.897
1mcp,9A,1a5f,9A,0.8,1.030
1mcp,9A,1bbd,9A,0.8,1.070
1mcp,9A,1a3r,9A,0.8,1.240
1frg,9A,1hil,9A,0.9,0.380
1mvu,9A,1ap2,9A,1.0,0.661
1ap2,9A,1mvu,9A,1.0,0.661
1hil,9A,1frg,9A,0.9,0.380
1a5f,9A,1bbd,9A,1.0,1.108
1a5f,9A,1a3r,9A,1.0,1.092
1bbd,9A,1a3r,9A,1.0,0.842
1a3r,9A,1bbd,9A,1.0,0.842
3cle,9A,3clf,9A,1.0,0.446
3clf,9A,3cle,9A,1.0,0.446
12e8,9A,2aep,9A,0.8,0.701
12e8,9A,2aeq,9A,0.8,0.602
3cmo,8B,2j88,8B,0.6,1.286
3cmo,8B,3hi5,8B,0.6,0.868
3cmo,8B,1ehl,8B,0.7,1.368
3cmo,8B,3hi6,8B,0.6,0.804
1ob1,9A,1ahw,9A,0.7,1.252
1ob1,9A,1emt,9A,0.7,1.567
1ob1,9A,3hns,9A,0.7,1.079
1ob1,9A,3cfd,9A,0.7,0.831
1ob1,9A,1ynt,9A,0.7,1.283
1ob1,9A,1mhh,9A,0.7,0.897
1ob1,9A,1xgy,9A,0.7,0.966
1ob1,9A,1uz6,9A,0.7,1.293
1ob1,9A,3cfb,9A,0.7,1.070
1ob1,9A,1plg,9A,0.7,1.642
1ob1,9A,1fpt,9A,0.7,1.556
1ob1,9A,3b2u,9A,0.7,1.557
1ob1,9A,1cgs,9A,0.7,1.663
1ob1,9A,1ynl,9A,0.7,1.538
1ob1,9A,2gfb,9A,0.7,1.739
1mnu,9A,1sbs,9A,0.7,0.758
1mnu,9A,1mre,9A,0.9,0.838
1mnu,9A,1mrc,9A,0.9,0.972
1mnu,9A,1mrd,9A,0.9,0.736
1mnu,9A,1kfa,9A,0.9,0.889
1rih,9A,1bm3,9A,0.8,1.075
1f11,9A,3e8u,9A,0.9,1.056
1f11,9A,2nyy,9A,0.8,0.878
1f11,9A,2gcy,9A,0.8,1.113
1f11,9A,2w9d,9A,0.7,1.035
1f11,9A,2w9e,9A,0.7,0.871
1f11,9A,1sy6,9A,0.7,1.718
2i9l,8B,1q9o,8B,0.9,0.550
2i9l,8B,1q9k,8B,0.9,0.850
2i9l,8B,2g5b,8B,0.9,0.767
2i9l,8B,1il1,8B,0.7,0.675
2i9l,8B,3dur,8B,0.9,0.380
3e8u,9A,1f11,9A,0.9,1.056
3e8u,9A,1fig,9E,0.7,1.971
1uwe,9A,2aep,9A,0.8,1.040
1uwe,9A,2aeq,9A,0.8,0.851
1uwe,9A,3hc4,9A,0.8,0.886
1uwe,9A,3hc3,9A,0.8,0.942
1uwe,9A,3hc0,9A,0.8,0.906
1uwe,9A,1uwg,9A,0.8,0.704
1lk3,9A,1i3g,9A,0.7,0.660
1lk3,9A,1ejo,9A,0.7,0.722
1lk3,9A,1fig,9E,0.7,2.012
1lk3,9A,1sy6,9A,0.7,0.869
1lk3,9A,1z3g,9A,0.7,0.468
1lk3,9A,1a6t,9A,0.7,0.822
1mf2,9A,2or9,9A,0.7,1.091
1mf2,9A,1h0d,9A,0.8,0.778
1lo4,9A,1tet,9A,0.8,0.734
1lo4,9A,1lo0,9A,0.8,0.593
1lo4,9A,1bln,9A,0.8,1.074
1lo4,9A,1t66,9A,0.7,0.818
1lo4,9A,4fab,9A,0.7,0.961
2g60,9A,2jel,9A,0.9,0.433
2g60,9A,2pcp,9A,0.9,0.490
2g60,9A,2uud,9A,0.9,0.543
2g60,9A,2cju,9A,0.9,0.843
1clz,9A,1s3k,9A,1.0,0.771
1clz,9A,1cly,9A,1.0,0.538
1clz,9A,2uud,9A,1.0,0.742
1clz,9A,2cju,9A,1.0,0.841
2a1w,9A,2ipt,9A,0.9,0.704
2a1w,9A,3eys,9A,0.9,0.751
2a1w,9A,2ipu,9A,0.9,0.738
2a1w,9A,2r0z,9A,0.9,0.732
3bae,9A,2ipt,9A,0.8,0.464
3bae,9A,2iqa,9A,0.8,0.467
3bae,9A,2r0w,9A,0.8,0.535
3bae,9A,3eys,9A,0.8,0.510
3bae,9A,2ddq,9A,0.8,0.601
3bae,9A,2ipu,9A,0.8,0.528
3bae,9A,2r0z,9A,0.8,0.512
3bae,9A,2iq9,9A,0.8,0.460
3bae,9A,1lo0,9A,0.7,0.491
1tet,9A,1clz,9A,0.9,0.903
1igf,9A,2z4q,9A,0.8,0.760
1igf,9A,3cfd,9A,0.7,0.693
1igf,9A,3cfb,9A,0.7,0.792
1igf,9A,1wt5,9A,0.8,0.704
1igf,9A,2g60,9A,0.8,0.452
1igf,9A,1clz,9A,0.9,0.609
1igf,9A,2jel,9A,0.9,0.620
1igf,9A,2ddq,9A,0.9,0.582
1igf,9A,2pcp,9A,0.8,0.489
1igf,9A,1lo0,9A,0.8,0.434
1igf,9A,1cl7,9A,0.8,0.735
1igf,9A,1bln,9A,0.8,1.129
1igf,9A,1dba,9A,0.8,0.737
1igf,9A,1a4k,9A,0.8,1.117
1igf,9A,2uud,9A,0.9,0.756
1igf,9A,2cju,9A,0.9,0.909
2jel,9A,2g60,9A,0.9,0.433
2jel,9A,2pcp,9A,0.9,0.571
2jel,9A,2uud,9A,1.0,0.625
2jel,9A,2cju,9A,1.0,0.905
2ipt,9A,3eys,9A,1.0,0.158
2ipt,9A,2ipu,9A,1.0,0.192
2ipt,9A,2r0z,9A,1.0,0.223
2iqa,9A,2r0w,9A,1.0,0.261
2iqa,9A,2iq9,9A,1.0,0.235
2r0w,9A,2iqa,9A,1.0,0.261
2r0w,9A,2iq9,9A,1.0,0.322
3eys,9A,2ipt,9A,1.0,0.158
3eys,9A,2ipu,9A,1.0,0.171
3eys,9A,2r0z,9A,1.0,0.191
2ddq,9A,1lo0,9A,0.9,0.359
2ipu,9A,2ipt,9A,1.0,0.192
2ipu,9A,3eys,9A,1.0,0.171
2ipu,9A,2r0z,9A,1.0,0.178
2r0z,9A,2ipt,9A,1.0,0.223
2r0z,9A,3eys,9A,1.0,0.191
2r0z,9A,2ipu,9A,1.0,0.178
2iq9,9A,2iqa,9A,1.0,0.235
2iq9,9A,2r0w,9A,1.0,0.322
1ehl,8B,3cmo,8B,0.7,1.368
2dtm,9A,2dqu,9A,1.0,0.736
2dtm,9A,2dqt,9A,1.0,0.465
2dqu,9A,2dtm,9A,1.0,0.736
2dqu,9A,2dqt,9A,1.0,0.601
2dqt,9A,2dtm,9A,1.0,0.465
2dqt,9A,2dqu,9A,1.0,0.601
2pcp,9A,2g60,9A,0.9,0.490
2pcp,9A,2jel,9A,0.9,0.571
2pcp,9A,2uud,9A,0.9,0.659
2pcp,9A,2cju,9A,0.9,0.854
1lo0,9A,2ddq,9A,0.9,0.359
1lo0,9A,1bln,9A,0.8,1.087
1lo0,9A,1cbv,9A,0.8,1.050
1f3d,9A,2g60,9A,0.8,0.188
1f3d,9A,2jel,9A,0.9,0.481
1f3d,9A,2pcp,9A,0.8,0.465
1f3d,9A,2uud,9A,0.9,0.604
1f3d,9A,2cju,9A,0.9,0.850
1cl7,9A,1n4x,9A,1.0,0.859
1bln,9A,1lo0,9A,0.8,1.087
2v17,9A,2ddq,9A,0.7,0.733
2v17,9A,1lo0,9A,0.6,0.909
1f8t,9A,1nld,9A,0.9,1.877
1m71,8B,1ck0,8B,0.6,1.196
1m71,8B,3dv4,8B,0.6,1.104
1m71,8B,3dus,8B,0.6,1.103
1tpx,9A,2w60,9A,0.9,1.305
1dba,9A,1a4k,9A,0.8,1.111
1ncw,9A,1ru9,9A,1.0,0.557
1ru9,9A,1ncw,9A,1.0,0.557
1rmf,9A,1cbv,9A,1.0,1.101
1rmf,9A,1mre,9A,1.0,0.720
1rmf,9A,1mrc,9A,1.0,0.651
1rmf,9A,1mrd,9A,1.0,0.691
2h1p,9A,1t66,9A,1.0,0.716
2h1p,9A,4fab,9A,1.0,0.915
1dsf,9A,1rmf,9A,0.9,0.833
1dsf,9A,1cbv,9A,0.9,1.132
1dsf,9A,1fpt,9A,0.9,0.812
1dsf,9A,1t2q,9A,0.8,0.767
1dsf,9A,2d03,9A,0.8,0.712
1cbv,9A,1lo0,9A,0.8,1.050
1cbv,9A,1rmf,9A,1.0,1.101
1cbv,9A,1t66,9A,1.0,1.049
1cbv,9A,2hkf,9A,1.0,1.123
1cbv,9A,2hkh,9A,1.0,1.179
1cbv,9A,4fab,9A,1.0,1.297
1cbv,9A,1dlf,9A,1.0,1.028
1mre,9A,1mrc,9A,1.0,0.602
1mre,9A,1mrd,9A,1.0,0.421
1mrc,9A,1mre,9A,1.0,0.602
1mrc,9A,1mrd,9A,1.0,0.710
1mrd,9A,1mre,9A,1.0,0.421
1mrd,9A,1mrc,9A,1.0,0.710
1t66,9A,4fab,9A,1.0,0.855
2hkf,9A,2hkh,9A,1.0,0.361
2hkf,9A,1dlf,9A,1.0,0.662
2hkh,9A,2hkf,9A,1.0,0.361
2hkh,9A,1dlf,9A,1.0,0.641
1igi,9A,1cl7,9A,0.8,0.743
1plg,9A,1fpt,9A,0.9,0.602
4fab,9A,1t66,9A,1.0,0.855
1qfu,9A,1plg,9A,0.8,0.471
1qfu,9A,1fpt,9A,0.8,0.660
1fpt,9A,1plg,9A,0.9,0.602
1fpt,9A,2uud,9A,0.8,0.889
1fpt,9A,2cju,9A,0.8,0.661
1dlf,9A,2hkf,9A,1.0,0.662
1dlf,9A,2hkh,9A,1.0,0.641
1kfa,9A,2hkf,9A,0.9,0.511
1kfa,9A,2hkh,9A,0.9,0.622
1kfa,9A,1dlf,9A,0.9,0.773
1cu4,9A,1cr9,9A,1.0,0.575
1cr9,9A,1cu4,9A,1.0,0.575
2w60,9A,1tpx,9A,0.9,1.305
1nld,9A,1f8t,9A,0.9,1.877
1l7t,9A,1lo4,9A,0.7,0.726
1l7t,9A,1lo0,9A,0.7,0.727
1l7t,9A,1bln,9A,0.7,1.067
2vxq,9A,1d5b,9A,0.7,1.145
2vxq,9A,1d5i,9A,0.7,1.155
2vxq,9A,1ahw,9A,0.7,1.233
2vxq,9A,1kb5,9A,0.7,1.263
2vxq,9A,3hns,9A,0.7,1.347
2vxq,9A,2v7h,9A,0.7,1.256
2vxq,9A,2eks,9A,0.8,1.181
2vxq,9A,2gfb,9A,0.7,1.009
1c5b,9A,2q76,9A,0.7,0.398
1c5b,9A,1mlb,9A,0.7,0.485
1c5b,9A,1jhl,9A,0.7,0.747
1c5b,9A,1e4w,9A,0.7,0.610
1c5b,9A,1emt,9A,0.7,0.825
1c5b,9A,2v7h,9A,0.7,0.982
1c5b,9A,2gfb,9A,0.8,0.992
2vwe,9A,2z4q,9A,0.8,0.905
2vwe,9A,1emt,9A,0.8,0.728
2vwe,9A,3cfd,9A,0.9,0.777
2vwe,9A,1wt5,9A,0.8,0.957
2fbj,9D,1jhl,9A,0.7,2.204
2nyy,9A,2gcy,9A,0.9,1.201
2gcy,9A,2nyy,9A,0.9,1.201
1dn0,9A,1fig,9E,0.8,2.360
3eyf,10H,3eyq,10H,0.8,0.689
3giz,9A,1a14,9A,0.7,1.082
3giz,9A,1dvf_2,9A,0.7,1.031
3giz,9A,1dn0,9A,0.7,0.865
3giz,9A,2w9d,9A,0.7,0.913
3giz,9A,2w9e,9A,0.7,0.916
3eyq,10H,3eyf,10H,0.8,0.689
1u6a,9C,1dn0,9A,0.7,2.992
2ny7,9J,12e8,9A,0.4,1.794
1it9,9A,1iqw,9A,1.0,0.591
1tzg,9A,2fbj,9D,0.5,2.053
1mj7,9A,1mh5,9A,1.0,0.262
1mj7,9A,1mj8,9A,1.0,0.858
1mj8,9A,1mh5,9A,1.0,0.893
1mj8,9A,1mj7,9A,1.0,0.858
3b2u,9A,1ay1,9A,0.8,1.607
3b2u,9A,1bgx,9K,0.8,2.452
2vxv,10E,3eyq,10H,0.5,1.948
2yss,9A,2eiz,9A,1.0,0.304
2eks,9A,2yss,9A,1.0,0.332
2eks,9A,2eiz,9A,1.0,0.116
2eiz,9A,2yss,9A,1.0,0.304
1gc1,11D,1g9m,11D,1.0,0.811
1g9m,11D,1gc1,11D,1.0,0.811
1xf3,9A,1i8m,9A,1.0,1.276
1i8m,9A,1xf3,9A,1.0,1.276
8fab,9D,1iqw,9A,0.5,2.281
8fab,9D,2v7n,9A,0.4,2.142
8fab,9D,1lo4,9A,0.5,2.421
8fab,9D,2vxq,9A,0.5,2.109
8fab,9D,1it9,9A,0.5,2.336
8fab,9D,1iqd,9D,0.5,1.214
8fab,9D,1mhp,9A,0.5,2.192
8fab,9D,2vxs,9D,0.5,0.890
8fab,9D,2b2x,9A,0.5,2.251
8fab,9D,3eot,9A,0.5,2.071
3fn0,9L,1f58,9A,0.5,3.226
1rhh,9A,1jhl,9A,0.5,0.765
1rhh,9A,15c8,9A,0.5,1.540
1rhh,9A,2fbj,9D,0.5,2.177
1rhh,9A,1dn0,9A,0.6,0.871
1rhh,9A,1u6a,9C,0.6,2.827
1rhh,9A,2z91,9A,0.5,1.053
1rhh,9A,1fig,9E,0.5,2.186
1rhh,9A,2brr,9A,0.5,2.276
1axs,9A,1d5b,9A,0.9,0.296
1uwg,9A,1uwe,9A,0.8,0.704
1uwg,9A,1ngx,9A,0.8,0.908
1cgs,9A,1ynl,9A,1.0,0.804
1ynl,9A,1cgs,9A,1.0,0.804
1t2q,9A,2d03,9A,1.0,0.238
2d03,9A,1t2q,9A,1.0,0.238
2c1o,9A,2c1p,9A,1.0,0.282
2c1p,9A,2c1o,9A,1.0,0.282
1vge,9A,1igm,9A,0.7,0.924
1vge,9A,3eo9,9A,0.8,0.836
1vge,9A,2a6d,9A,0.8,0.811
2z91,9A,2h9g,9A,0.7,0.629
2z91,9A,2fjf,9A,0.7,0.784
2z91,9A,2r0l,9A,0.7,0.663
1ct8,9A,3b2u,9A,0.7,0.735
1ngx,9A,12e8,9A,0.9,0.979
1a4k,9A,1mhh,9A,0.7,0.892
1a4k,9A,3cfb,9A,0.7,1.033
1a4k,9A,1dba,9A,0.8,1.111
1a4k,9A,2c1o,9A,0.8,0.826
1a4k,9A,2c1p,9A,0.8,0.798
1a4k,9A,2o5x,9A,0.8,0.891
1c1e,9A,2o5x,9A,1.0,1.393
2o5x,9A,1c1e,9A,1.0,1.393
1axt,9A,1cgs,9A,0.9,0.950
1axt,9A,1ynl,9A,0.9,0.534
2uyl,9A,2z4q,9A,0.9,0.834
2uyl,9A,2v7h,9A,0.8,0.807
2uyl,9A,1wt5,9A,0.9,0.842
2uyl,9A,2jel,9A,0.9,0.519
2uyl,9A,1bln,9A,0.8,1.251
2uyl,9A,1mre,9A,0.8,1.156
2uyl,9A,1mrc,9A,0.8,1.433
2uyl,9A,1mrd,9A,0.8,1.128
2uyl,9A,1cgs,9A,0.8,0.881
2uyl,9A,1ynl,9A,0.8,0.427
1y18,9D,1y0l,9D,1.0,0.479
1y0l,9D,1y18,9D,1.0,0.479
1fig,9E,1dn0,9A,0.7,2.360
1fig,9E,2brr,9A,0.8,1.839
1fig,9E,1sy6,9A,0.7,2.354
2brr,9A,1fig,9E,0.8,1.839
3h42,11A,2jb6,11H,0.6,3.326
3h42,11A,1rzf,11A,0.6,0.696
2adg,9A,1i8i,9A,0.8,0.485
3i9g,9A,2adg,9A,0.8,0.512
3eo0,9A,3hns,9A,0.7,0.863
3eo0,9A,1uz6,9A,0.7,0.705
3eo0,9A,1rmf,9A,0.7,0.765
3eo0,9A,1mre,9A,0.7,0.792
3eo0,9A,1mrc,9A,0.7,0.874
3eo0,9A,1mrd,9A,0.7,0.713
3eo0,9A,1cgs,9A,0.7,0.885
3eo0,9A,1ynl,9A,0.7,0.819
3eo0,9A,1fig,9E,0.7,2.191
1etz,9D,2ntf,9D,0.9,0.659
1uwx,9A,1yjd,9A,0.7,0.863
1uwx,9A,1jfq,9A,0.7,0.738
1uwx,9A,1r24,9A,0.7,0.911
1uwx,9A,1bz7,9A,0.7,0.976
1uwx,9A,1bj1,9A,0.7,0.994
1uwx,9A,3hns,9A,0.7,1.103
1uwx,9A,2eks,9A,0.7,1.032
1iqd,9D,2v7n,9A,0.6,1.688
1iqd,9D,2fbj,9D,0.6,1.812
1a0q,8B,1eap,8B,1.0,0.421
1mhp,9A,2b2x,9A,1.0,0.234
1rzi,9A,1emt,9A,0.5,1.110
1rzi,9A,1fbi,9A,0.6,1.261
3hi6,8B,3hi5,8B,1.0,0.708
1rz7,8B,2j88,8B,0.6,1.087
1rz7,8B,1dql,8B,0.7,1.136
1rz7,8B,3hi5,8B,0.6,1.050
1rz7,8B,3cmo,8B,0.7,1.347
1rz7,8B,3hi6,8B,0.6,1.150
2w9d,9A,2w9e,9A,1.0,0.898
1ibg,9A,3i2c,9A,0.7,1.033
3ijh,8B,1q9o,8B,0.9,0.641
3ijh,8B,1q9k,8B,0.9,0.773
3ijh,8B,2g5b,8B,0.9,0.601
3ijh,8B,1il1,8B,0.7,1.042
3ijh,8B,3dur,8B,0.9,0.466
1sm3,9D,1a6w,9D,0.9,0.638
1sm3,9D,1a6u,9D,0.9,0.769
1sm3,9D,1yuh,9D,0.9,1.540
1sm3,9D,1p4i,9D,0.9,1.047
1sm3,9D,1p4b,9D,0.9,0.884
1sm3,9D,1pg7_2,9D,0.9,0.539
1sm3,9D,1nc2,9D,0.9,0.750
1sm3,9D,1ngp,9D,0.9,1.032
1sm3,9D,1a6v,9D,0.9,0.961
1sm3,9D,2zpk,9C,0.9,2.076
1cly,9A,1s3k,9A,1.0,0.644
1cly,9A,1clz,9A,1.0,0.538
2aj3,9A,1r24,9A,0.7,1.218
2aj3,9A,1bz7,9A,0.7,1.201
3g04,11A,3h42,11A,0.5,0.793
3c08,9A,3c09,9D,1.0,1.119
2hwz,9A,1ay1,9A,0.8,3.109
2hwz,9A,1bgx,9K,0.8,3.658
3h0t,9D,2vxs,9D,0.8,0.607
2vxs,9D,3h0t,9D,0.8,0.607
1fsk,9A,1cf8,9A,0.7,1.032
1fsk,9A,1uyw,9A,0.8,0.804
1igc,9A,1uyw,9A,0.9,0.684
1uyw,9A,1igc,9A,0.9,0.684
1b4j,9A,1t04,9A,1.0,0.875
1b4j,9A,1b2w,9A,1.0,1.067
1qkz,8B,2zuq,8B,0.7,1.032
1pg7_2,9D,1a6w,9D,1.0,0.391
1pg7_2,9D,1a6u,9D,1.0,0.596
1pg7_2,9D,1yuh,9D,1.0,1.567
1pg7_2,9D,1p4i,9D,1.0,0.884
1pg7_2,9D,1p4b,9D,1.0,0.763
1pg7_2,9D,1nc2,9D,1.0,0.611
1pg7_2,9D,1ngp,9D,1.0,0.862
1pg7_2,9D,1a6v,9D,1.0,0.781
1jn6,9D,1ind,9D,0.7,0.922
1jn6,9D,1a6w,9D,0.7,1.017
1jn6,9D,1a6u,9D,0.7,1.140
1jn6,9D,1yuh,9D,0.7,1.674
1jn6,9D,1q0x,9C,0.7,1.823
1jn6,9D,1p4i,9D,0.7,1.264
1jn6,9D,1p4b,9D,0.7,1.184
1jn6,9D,1pg7_2,9D,0.7,0.989
1jn6,9D,1nc2,9D,0.7,1.156
1jn6,9D,1ngp,9D,0.7,1.076
1jn6,9D,1ocw,9D,0.7,1.085
1jn6,9D,1oaq,9C,0.7,1.879
1jn6,9D,1a6v,9D,0.7,1.085
2ntf,9D,1a6w,9D,0.9,0.627
2ntf,9D,1a6u,9D,0.9,0.707
2ntf,9D,1yuh,9D,0.9,1.552
2ntf,9D,1p4i,9D,0.9,1.011
2ntf,9D,1p4b,9D,0.9,0.899
2ntf,9D,1etz,9D,0.9,0.659
2ntf,9D,1pg7_2,9D,0.9,0.554
2ntf,9D,1nc2,9D,0.9,0.749
2ntf,9D,1gig,9D,0.9,0.666
2ntf,9D,1ngp,9D,0.9,1.034
2ntf,9D,1a6v,9D,0.9,0.878
1nc2,9D,1a6w,9D,1.0,0.655
1nc2,9D,1a6u,9D,1.0,0.750
1nc2,9D,1yuh,9D,1.0,1.677
1nc2,9D,1p4i,9D,1.0,0.769
1nc2,9D,1p4b,9D,1.0,0.553
1nc2,9D,1pg7_2,9D,1.0,0.611
1nc2,9D,1ngp,9D,1.0,1.063
1nc2,9D,1a6v,9D,1.0,0.536
1gig,9D,1a6w,9D,0.9,0.295
1gig,9D,1a6u,9D,0.9,0.463
1gig,9D,1yuh,9D,0.9,1.637
1gig,9D,1p4i,9D,0.9,1.001
1gig,9D,1p4b,9D,0.9,0.811
1gig,9D,1y18,9D,0.8,0.865
1gig,9D,1y0l,9D,0.8,0.786
1gig,9D,1pg7_2,9D,0.9,0.472
1gig,9D,2ntf,9D,0.9,0.666
1gig,9D,1nc2,9D,0.9,0.664
1gig,9D,1ngp,9D,0.9,0.902
1gig,9D,1a6v,9D,0.9,0.816
1ngp,9D,1a6w,9D,1.0,0.825
1ngp,9D,1a6u,9D,1.0,0.998
1ngp,9D,1yuh,9D,1.0,1.700
1ngp,9D,1a6v,9D,1.0,1.204
1ocw,9D,1oaq,9C,1.0,1.647
1oaq,9C,1ocw,9D,1.0,1.647
1a6v,9D,1a6w,9D,1.0,0.773
1a6v,9D,1a6u,9D,1.0,0.869
1a6v,9D,1yuh,9D,1.0,1.735
1a6v,9D,1ngp,9D,1.0,1.204
1mfb,9C,1mfe,9C,1.0,0.376
1f4w,9D,1a6w,9D,0.9,0.990
1f4w,9D,1a6u,9D,0.9,1.143
1f4w,9D,1yuh,9D,0.9,1.715
1f4w,9D,1mfe,9C,0.8,0.923
1f4w,9D,1p4i,9D,0.9,1.243
1f4w,9D,1p4b,9D,0.9,1.182
1f4w,9D,1pg7_2,9D,0.9,0.967
1f4w,9D,1nc2,9D,0.9,1.143
1f4w,9D,1ngp,9D,0.9,0.737
1f4w,9D,1a6v,9D,0.9,1.221
1f4w,9D,1mfb,9C,0.8,0.901
2b2x,9A,1mhp,9A,1.0,0.234
3eot,9A,3gk8,9A,0.8,1.372
3eot,9A,1mhp,9A,0.9,0.566
3eot,9A,2b2x,9A,0.9,0.644
2gfb,9A,1d5b,9A,0.8,0.930
2gfb,9A,1d5i,9A,0.8,0.913
2gfb,9A,1ahw,9A,0.8,1.188
2gfb,9A,3bgf,9A,0.8,1.038
2gfb,9A,2vxt,9A,0.9,0.987
2gfb,9A,1dee,9A,0.7,0.964
2gfb,9A,1e4w,9A,0.7,0.872
2gfb,9A,1emt,9A,0.7,1.048
2gfb,9A,3hns,9A,0.7,0.994
2gfb,9A,3cfd,9A,0.7,0.990
2gfb,9A,1ynt,9A,0.7,1.205
2gfb,9A,1ob1,9A,0.7,1.739
2gfb,9A,1c5b,9A,0.8,0.992
2gfb,9A,2eks,9A,0.7,0.848
2osl,9A,3bky,9A,0.8,0.464
2osl,9A,1z3g,9A,0.8,1.404
3bky,9A,1seq,9A,0.8,1.306
3bky,9A,1z3g,9A,0.8,1.413
1for,9A,2r29,9I,0.7,1.458
1for,9A,1mhp,9A,0.7,0.635
1for,9A,2w9d,9A,0.7,1.010
1for,9A,1fsk,9A,0.7,0.842
1for,9A,2b2x,9A,0.7,0.698
1for,9A,2w9e,9A,0.7,1.029
1for,9A,1sy6,9A,0.8,0.948
1for,9A,1z3g,9A,0.8,0.814
1for,9A,1v7m,9A,0.8,1.587
1ors,8B,1ck0,8B,0.6,1.355
1ors,8B,1yqv,8B,0.6,1.802
1ors,8B,1bql,8B,0.6,1.809
1ors,8B,1a7o,8B,0.6,2.084
1ors,8B,2fd6,8B,0.6,2.411
1ors,8B,3dv4,8B,0.6,1.318
1ors,8B,3dus,8B,0.6,1.335
1ors,8B,3cmo,8B,0.6,2.132
2w9e,9A,2w9d,9A,1.0,0.898
1sy6,9A,1z3g,9A,1.0,0.607
1z3g,9A,1i9r,9A,0.8,0.786
1z3g,9A,1sy6,9A,1.0,0.607
1baf,10A,3eyf,10H,0.6,2.360
1baf,10A,3eyq,10H,0.6,2.401
1mim,7A,1dfb,7A,0.4,1.188
1mfa,9C,1mfe,9C,0.9,0.909
1mfa,9C,1mfb,9C,0.9,0.823
3ffd,13A,2b0s,13B,0.3,2.201
3gje,9D,3hae,9D,1.0,0.543
3hae,9D,3gje,9D,1.0,0.543
1rzf,11A,3h42,11A,0.6,0.696
1rzf,11A,2fb4,11A,0.6,0.687
1a6t,9A,1ay1,9A,0.8,2.044
1a6t,9A,1bgx,9K,0.8,2.546
1a6t,9A,1nsn,9A,0.7,1.043
1a6t,9A,1fig,9E,0.8,2.605
1a6t,9A,2w9d,9A,0.7,1.458
1a6t,9A,2w9e,9A,0.7,1.564
1a6t,9A,1sy6,9A,0.8,0.633
1a6t,9A,1z3g,9A,0.8,0.611
2b0s,13B,3ffd,13A,0.2,2.201
2fb4,11A,1rzf,11A,0.6,0.687
1q1j,12A,3gbn,12B,0.6,2.151
1clo,9A,1ad0,9A,1.0,0.689
1ad0,9A,1clo,9A,1.0,0.689
2uud,9A,2cju,9A,1.0,0.905
2cju,9A,2uud,9A,1.0,0.905
1v7m,9A,2w9d,9A,0.7,0.947
1v7m,9A,1for,9A,0.8,1.587
1v7m,9A,2w9e,9A,0.7,0.870
1v7m,9A,1sy6,9A,0.7,1.455
1v7m,9A,1z3g,9A,0.7,1.099
1v7m,9A,1a6t,9A,0.7,1.582
1jrh,8B,1dql,8B,0.7,1.351
1jrh,8B,3hi5,8B,0.7,1.143
1jrh,8B,1ehl,8B,0.6,1.350
1jrh,8B,3hi6,8B,0.7,0.977
2j4w,9A,1seq,9A,0.8,1.989
2j4w,9A,3bky,9A,0.8,1.494
2j4w,9A,1z3g,9A,0.8,0.687
2j4w,9A,1a6t,9A,0.8,0.864
2dd8,10I,1baf,10A,0.4,1.940
2dd8,10I,3gbm,10J,0.4,2.172
1w72,11A,1adq,11A,0.8,1.127
3dvg,11C,2qr0,11F,0.7,3.277
2zpk,9C,1a6w,9D,1.0,2.031
2zpk,9C,1a6u,9D,1.0,2.145
2zpk,9C,1yuh,9D,1.0,1.997
2zpk,9C,1ngp,9D,1.0,1.801
2zpk,9C,1a6v,9D,1.0,2.031
3gbn,12B,1q1j,12A,0.6,2.151
3gbm,10J,2dd8,10I,0.4,2.172
1om3,9D,1zlv,9D,1.0,2.157
1zlv,9D,1om3,9D,1.0,2.157
1nfd,11G,2fb4,11A,0.2,2.301
3cxd,9A,1kb5,9A,0.8,1.119
3cxd,9A,1bbj,9A,0.9,1.699
3cxd,9A,1mam,9A,0.7,0.945
1adq,11A,1w72,11A,0.8,1.127